date,marketcap,price
5/1/2013,1542820000,139
5/2/2013,1292190000,116.38
5/3/2013,1180070000,106.25
5/4/2013,1089890000,98.1
5/5/2013,1254760000,112.9
5/6/2013,1289470000,115.98
5/7/2013,1248470000,112.25
5/8/2013,1219450000,109.6
5/9/2013,1259980000,113.2
5/10/2013,1255970000,112.8
5/11/2013,1311050000,117.7
5/12/2013,1288630000,115.64
5/13/2013,1279980000,114.82
5/14/2013,1315720000,117.98
5/15/2013,1242760000,111.4
5/16/2013,1274620000,114.22
5/17/2013,1319590000,118.21
5/18/2013,1379140000,123.5
5/19/2013,1376370000,123.21
5/20/2013,1368910000,122.5
5/21/2013,1363940000,122.02
5/22/2013,1374130000,122.89
5/23/2013,1384780000,123.8
5/24/2013,1413300000,126.3
5/25/2013,1489950000,133.1
5/26/2013,1478030000,131.99
5/27/2013,1495520000,133.5
5/28/2013,1454310000,129.77
5/29/2013,1446190000,129
5/30/2013,1483180000,132.25
5/31/2013,1445050000,128.8
6/1/2013,1445800000,128.81
6/2/2013,1451930000,129.3
6/3/2013,1376180000,122.5
6/4/2013,1357020000,120.74
6/5/2013,1365110000,121.4
6/6/2013,1371300000,121.9
6/7/2013,1338880000,118.97
6/8/2013,1249630000,111
6/9/2013,1215130000,107.89
6/10/2013,1131570000,100.44
6/11/2013,1198640000,106.35
6/12/2013,1229000000,109
6/13/2013,1227030000,108.78
6/14/2013,1173060000,103.95
6/15/2013,1128950000,100
6/16/2013,1127120000,99.8
6/17/2013,1128720000,99.9
6/18/2013,1152250000,101.95
6/19/2013,1210260000,107.05
6/20/2013,1224210000,108.25
6/21/2013,1259000000,111.29
6/22/2013,1239210000,109.5
6/23/2013,1224980000,108.2
6/24/2013,1222030000,107.9
6/25/2013,1156610000,102.09
6/26/2013,1171050000,103.33
6/27/2013,1179110000,104
6/28/2013,1153880000,101.74
6/29/2013,1074010000,94.66
6/30/2013,1078260000,95
7/1/2013,1107130000,97.51
7/2/2013,1000070000,88.05
7/3/2013,1027160000,90.41
7/4/2013,896693000,78.89
7/5/2013,909526000,79.99
7/6/2013,779255000,68.5
7/7/2013,782352000,68.75
7/8/2013,870912000,76.5
7/9/2013,865585000,76
7/10/2013,874138000,76.72
7/11/2013,1003090000,88
7/12/2013,1014640000,88.98
7/13/2013,1072140000,93.99
7/14/2013,1126260000,98.7
7/15/2013,1068520000,93.61
7/16/2013,1129260000,98.89
7/17/2013,1104760000,96.71
7/18/2013,1125660000,98.5
7/19/2013,1029670000,90.07
7/20/2013,1052140000,92
7/21/2013,1027640000,89.82
7/22/2013,1053000000,92
7/23/2013,1048820000,91.6
7/24/2013,1094490000,95.56
7/25/2013,1082800000,94.5
7/26/2013,1111160000,96.95
7/27/2013,1100900000,96.02
7/28/2013,1082750000,94.4
7/29/2013,1131340000,98.6
7/30/2013,1164940000,101.49
7/31/2013,1239630000,107.95
8/1/2013,1220190000,106.21
8/2/2013,1205070000,104.86
8/3/2013,1201490000,104.5
8/4/2013,1207100000,104.95
8/5/2013,1209520000,105.12
8/6/2013,1228440000,106.72
8/7/2013,1229100000,106.75
8/8/2013,1229100000,106.75
8/9/2013,1187920000,103.07
8/10/2013,1185310000,102.8
8/11/2013,1188150000,103
8/12/2013,1211790000,105
8/13/2013,1235340000,106.99
8/14/2013,1265450000,109.56
8/15/2013,1300660000,112.56
8/16/2013,1271470000,110
8/17/2013,1260350000,108.99
8/18/2013,1304320000,112.75
8/19/2013,1312160000,113.38
8/20/2013,1377730000,119
8/21/2013,1403890000,121.21
8/22/2013,1428700000,123.3
8/23/2013,1414290000,122
8/24/2013,1374420000,118.51
8/25/2013,1387640000,119.6
8/26/2013,1417200000,122.11
8/27/2013,1394010000,120.07
8/28/2013,1468960000,126.48
8/29/2013,1424680000,122.62
8/30/2013,1422120000,122.35
8/31/2013,1547640000,133.09
9/1/2013,1572230000,135.14
9/2/2013,1613600000,138.63
9/3/2013,1579180000,135.61
9/4/2013,1590550000,136.53
9/5/2013,1477250000,126.76
9/6/2013,1474670000,126.49
9/7/2013,1386610000,118.89
9/8/2013,1448180000,124.13
9/9/2013,1422180000,121.86
9/10/2013,1485960000,127.27
9/11/2013,1470450000,125.89
9/12/2013,1583960000,135.55
9/13/2013,1552880000,132.83
9/14/2013,1579050000,135.01
9/15/2013,1514140000,129.4
9/16/2013,1531820000,130.86
9/17/2013,1540880000,131.59
9/18/2013,1542870000,131.71
9/19/2013,1539430000,131.37
9/20/2013,1520470000,129.7
9/21/2013,1488870000,126.95
9/22/2013,1500260000,127.87
9/23/2013,1513940000,128.98
9/24/2013,1480210000,126.05
9/25/2013,1496510000,127.38
9/26/2013,1506920000,128.21
9/27/2013,1516020000,128.94
9/28/2013,1573400000,133.77
9/29/2013,1587290000,134.9
9/30/2013,1614350000,137.15
10/1/2013,1562270000,132.68
10/2/2013,1555470000,132.05
10/3/2013,1348700000,114.45
10/4/2013,1454900000,123.41
10/5/2013,1517020000,128.63
10/6/2013,1514540000,128.36
10/7/2013,1527760000,129.43
10/8/2013,1496500000,126.74
10/9/2013,1486510000,125.85
10/10/2013,1544020000,130.67
10/11/2013,1545600000,130.75
10/12/2013,1547970000,130.9
10/13/2013,1599430000,135.19
10/14/2013,1648470000,139.27
10/15/2013,1667100000,140.77
10/16/2013,1725840000,145.65
10/17/2013,1688200000,142.41
10/18/2013,1735750000,146.37
10/19/2013,1849630000,155.91
10/20/2013,2037440000,171.66
10/21/2013,2075580000,174.8
10/22/2013,2169750000,182.65
10/23/2013,2298160000,193.36
10/24/2013,2548230000,214.3
10/25/2013,2351780000,197.69
10/26/2013,2231070000,187.45
10/27/2013,2102730000,176.6
10/28/2013,2337100000,196.21
10/29/2013,2365840000,198.55
10/30/2013,2436240000,204.39
10/31/2013,2382870000,199.83
11/1/2013,2432470000,203.9
11/2/2013,2456330000,205.81
11/3/2013,2459520000,205.99
11/4/2013,2564070000,214.66
11/5/2013,2738980000,229.21
11/6/2013,2926100000,244.78
11/7/2013,3129190000,261.68
11/8/2013,3562790000,297.85
11/9/2013,4051120000,338.58
11/10/2013,4174930000,348.82
11/11/2013,3896130000,325.41
11/12/2013,4109060000,343.06
11/13/2013,4325400000,360.97
11/14/2013,4871600000,406.41
11/15/2013,5029340000,419.41
11/16/2013,5005530000,417.28
11/17/2013,5291730000,440.96
11/18/2013,5961500000,496.58
11/19/2013,8559550000,712.76
11/20/2013,6943300000,577.98
11/21/2013,7142030000,594.32
11/22/2013,8703970000,724.07
11/23/2013,9279850000,771.7
11/24/2013,9570990000,795.63
11/25/2013,9302270000,773.02
11/26/2013,9699360000,805.73
11/27/2013,11124900000,923.85
11/28/2013,12087000000,1003.38
11/29/2013,12557100000,1042.01
11/30/2013,13614700000,1129.37
12/1/2013,13614300000,1128.92
12/2/2013,11478300000,951.42
12/3/2013,12628300000,1046.4
12/4/2013,13010000000,1077.58
12/5/2013,13922300000,1152.73
12/6/2013,12593900000,1042.38
12/7/2013,10096600000,835.32
12/8/2013,8431860000,697.31
12/9/2013,9602480000,793.8
12/10/2013,10798200000,892.32
12/11/2013,11973700000,989.07
12/12/2013,10690600000,882.78
12/13/2013,10599700000,874.98
12/14/2013,10904900000,899.85
12/15/2013,10611600000,875.29
12/16/2013,10676600000,880.33
12/17/2013,8570390000,706.37
12/18/2013,8232040000,678.2
12/19/2013,6302970000,519.06
12/20/2013,8433870000,694.22
12/21/2013,7533740000,619.9
12/22/2013,7315940000,601.78
12/23/2013,7455670000,613.06
12/24/2013,8179730000,672.36
12/25/2013,8108930000,666.31
12/26/2013,8326270000,683.94
12/27/2013,9295570000,763.28
12/28/2013,8990850000,737.98
12/29/2013,8872600000,728.05
12/30/2013,9037000000,741.35
12/31/2013,9268240000,760.32
1/1/2014,9203030000,754.97
1/2/2014,9428180000,773.44
1/3/2014,9786680000,802.85
1/4/2014,10035600000,823.27
1/5/2014,10465700000,858.55
1/6/2014,11410400000,936.05
1/7/2014,11571400000,946.49
1/8/2014,9734800000,795.99
1/9/2014,10295100000,841.47
1/10/2014,10363300000,846.69
1/11/2014,10619900000,867.32
1/12/2014,11264800000,919.6
1/13/2014,10541500000,860.19
1/14/2014,10336500000,843.17
1/15/2014,10216700000,833.12
1/16/2014,10553800000,860.29
1/17/2014,10241200000,834.49
1/18/2014,10018200000,816.07
1/19/2014,10311500000,839.66
1/20/2014,10704800000,871.39
1/21/2014,10687700000,869.65
1/22/2014,10661400000,867.21
1/23/2014,10398000000,845.46
1/24/2014,10118400000,822.43
1/25/2014,9799920000,796.24
1/26/2014,10510400000,853.68
1/27/2014,10894400000,884.6
1/28/2014,9535950000,774.02
1/29/2014,9981850000,809.96
1/30/2014,10182900000,826.02
1/31/2014,10092900000,818.43
2/1/2014,10222300000,828.61
2/2/2014,10279200000,832.9
2/3/2014,10174100000,824.08
2/4/2014,10174000000,823.77
2/5/2014,10254100000,829.96
2/6/2014,10079900000,815.59
2/7/2014,9683190000,783.2
2/8/2014,8651930000,699.57
2/9/2014,8307340000,671.46
2/10/2014,8431680000,681.32
2/11/2014,8461320000,683.5
2/12/2014,8326420000,672.38
2/13/2014,8065550000,651.08
2/14/2014,7449940000,601.17
2/15/2014,8193290000,660.9
2/16/2014,8077340000,651.3
2/17/2014,7620580000,614.23
2/18/2014,7783430000,627.16
2/19/2014,7771210000,625.97
2/20/2014,7738580000,623.09
2/21/2014,6918730000,556.88
2/22/2014,7136600000,574.24
2/23/2014,7539890000,606.47
2/24/2014,7537080000,606.04
2/25/2014,6721330000,540.24
2/26/2014,6683680000,537.04
2/27/2014,7241560000,581.65
2/28/2014,7219990000,579.7
3/1/2014,6851590000,549.92
3/2/2014,7069290000,567.23
3/3/2014,7013060000,562.56
3/4/2014,8332950000,668.24
3/5/2014,8310510000,666.24
3/6/2014,8291650000,664.52
3/7/2014,8291900000,664.31
3/8/2014,7862010000,629.66
3/9/2014,7697910000,616.31
3/10/2014,7950820000,636.33
3/11/2014,7848450000,627.95
3/12/2014,7900600000,631.91
3/13/2014,7924860000,633.62
3/14/2014,7983980000,638.14
3/15/2014,7876360000,629.37
3/16/2014,7968200000,636.5
3/17/2014,7901040000,630.92
3/18/2014,7789810000,621.84
3/19/2014,7692450000,613.9
3/20/2014,7642910000,609.75
3/21/2014,7376710000,588.29
3/22/2014,7164770000,571.18
3/23/2014,7099230000,565.76
3/24/2014,7061380000,562.51
3/25/2014,7346810000,585.03
3/26/2014,7329720000,583.48
3/27/2014,7291520000,580.26
3/28/2014,5997850000,477.14
3/29/2014,6308890000,501.71
3/30/2014,6193560000,492.37
3/31/2014,5816910000,462.3
4/1/2014,5752280000,457
4/2/2014,6032970000,479.14
4/3/2014,5497550000,436.44
4/4/2014,5615980000,445.66
4/5/2014,5630890000,446.68
4/6/2014,5843670000,463.4
4/7/2014,5821160000,461.47
4/8/2014,5648000000,447.61
4/9/2014,5719730000,453.18
4/10/2014,5583670000,442.26
4/11/2014,4593400000,363.71
4/12/2014,5317310000,420.89
4/13/2014,5326230000,421.46
4/14/2014,5244350000,414.83
4/15/2014,5797070000,458.37
4/16/2014,6606460000,522.18
4/17/2014,6695650000,529.07
4/18/2014,6276700000,495.8
4/19/2014,6073340000,479.58
4/20/2014,6356070000,501.75
4/21/2014,6307460000,497.74
4/22/2014,6280640000,495.45
4/23/2014,6192560000,488.36
4/24/2014,6225860000,490.82
4/25/2014,6345230000,500.09
4/26/2014,5860330000,461.7
4/27/2014,5805530000,457.24
4/28/2014,5470650000,430.72
4/29/2014,5590030000,439.98
4/30/2014,5679680000,446.89
5/1/2014,5690670000,447.63
5/2/2014,5816390000,457.36
5/3/2014,5716960000,449.4
5/4/2014,5580030000,438.52
5/5/2014,5534140000,434.78
5/6/2014,5517460000,433.36
5/7/2014,5468310000,429.34
5/8/2014,5588990000,438.68
5/9/2014,5609930000,440.18
5/10/2014,5742830000,450.46
5/11/2014,5789010000,453.92
5/12/2014,5591520000,438.3
5/13/2014,5634510000,441.53
5/14/2014,5624310000,440.59
5/15/2014,5671210000,444.14
5/16/2014,5714640000,447.39
5/17/2014,5725990000,448.12
5/18/2014,5735400000,448.7
5/19/2014,5703760000,446.08
5/20/2014,5708560000,446.31
5/21/2014,6215880000,485.8
5/22/2014,6297990000,492.05
5/23/2014,6731160000,525.72
5/24/2014,6673600000,521.05
5/25/2014,6729120000,525.23
5/26/2014,7322870000,571.39
5/27/2014,7468620000,582.59
5/28/2014,7333770000,571.91
5/29/2014,7392820000,576.33
5/30/2014,7290240000,568.18
5/31/2014,7902400000,615.69
6/1/2014,8007450000,623.69
6/2/2014,8086630000,629.64
6/3/2014,8486730000,660.55
6/4/2014,8569660000,666.77
6/5/2014,8242230000,641.07
6/6/2014,8478870000,659.28
6/7/2014,8407050000,653.52
6/8/2014,8428530000,654.99
6/9/2014,8439070000,655.64
6/10/2014,8369550000,650.04
6/11/2014,8412780000,653.19
6/12/2014,8160590000,633.43
6/13/2014,7548170000,585.7
6/14/2014,7744580000,600.75
6/15/2014,7427200000,575.93
6/16/2014,7645650000,592.65
6/17/2014,7634710000,591.59
6/18/2014,7872150000,609.77
6/19/2014,7852650000,608.07
6/20/2014,7717370000,597.4
6/21/2014,7672030000,593.68
6/22/2014,7703560000,595.9
6/23/2014,7787160000,602.16
6/24/2014,7683850000,593.97
6/25/2014,7529260000,581.81
6/26/2014,7329110000,566.14
6/27/2014,7527840000,581.3
6/28/2014,7761630000,599.08
6/29/2014,7728190000,596.33
6/30/2014,7812050000,602.62
7/1/2014,8316770000,641.39
7/2/2014,8314310000,641.04
7/3/2014,8442770000,650.77
7/4/2014,8365570000,644.65
7/5/2014,8177490000,629.95
7/6/2014,8203530000,631.77
7/7/2014,8253710000,635.46
7/8/2014,8088590000,622.57
7/9/2014,8125370000,625.22
7/10/2014,8122830000,624.83
7/11/2014,8019000000,616.66
7/12/2014,8219370000,631.88
7/13/2014,8252240000,634.22
7/14/2014,8155140000,626.56
7/15/2014,8071770000,620
7/16/2014,8100510000,622.01
7/17/2014,8031440000,616.54
7/18/2014,8110060000,622.37
7/19/2014,8201340000,629.17
7/20/2014,8196210000,628.56
7/21/2014,8138520000,623.95
7/22/2014,8119060000,622.27
7/23/2014,8106260000,621.12
7/24/2014,8087290000,619.5
7/25/2014,7854660000,601.51
7/26/2014,7857510000,601.54
7/27/2014,7782830000,595.67
7/28/2014,7765040000,594.14
7/29/2014,7655040000,585.55
7/30/2014,7646630000,584.74
7/31/2014,7421870000,567.37
8/1/2014,7670500000,586.2
8/2/2014,7786620000,594.9
8/3/2014,7710420000,588.89
8/4/2014,7677850000,586.23
8/5/2014,7716120000,589.01
8/6/2014,7678040000,585.95
8/7/2014,7663290000,584.65
8/8/2014,7721090000,588.88
8/9/2014,7770550000,592.47
8/10/2014,7730000000,589.17
8/11/2014,7760290000,591.28
8/12/2014,7569070000,576.51
8/13/2014,7490990000,570.38
8/14/2014,7175190000,546.18
8/15/2014,6717150000,511.14
8/16/2014,6544250000,497.83
8/17/2014,6826520000,519.14
8/18/2014,6465210000,491.51
8/19/2014,6072520000,461.48
8/20/2014,6385230000,485.07
8/21/2014,6721410000,510.45
8/22/2014,6817460000,517.58
8/23/2014,6764340000,513.39
8/24/2014,6567300000,498.29
8/25/2014,6700090000,508.22
8/26/2014,6626970000,502.54
8/27/2014,6756340000,512.19
8/28/2014,6741320000,510.88
8/29/2014,6711080000,508.43
8/30/2014,6715420000,508.59
8/31/2014,6642630000,502.9
9/1/2014,6313120000,477.79
9/2/2014,6270970000,474.48
9/3/2014,6304370000,476.87
9/4/2014,6317100000,477.68
9/5/2014,6477530000,489.67
9/6/2014,6395630000,483.34
9/7/2014,6421460000,485.13
9/8/2014,6379410000,481.81
9/9/2014,6289350000,474.88
9/10/2014,6299070000,475.48
9/11/2014,6355700000,479.62
9/12/2014,6357290000,479.58
9/13/2014,6335400000,477.79
9/14/2014,6355140000,479.12
9/15/2014,6339090000,477.76
9/16/2014,6302440000,474.86
9/17/2014,6185010000,465.86
9/18/2014,6067610000,456.86
9/19/2014,5634440000,424.1
9/20/2014,5245150000,394.67
9/21/2014,5425180000,408.08
9/22/2014,5307360000,399.1
9/23/2014,5348840000,402.09
9/24/2014,5798220000,435.75
9/25/2014,5632260000,423.16
9/26/2014,5477970000,411.43
9/27/2014,5374500000,403.56
9/28/2014,5321420000,399.47
9/29/2014,5022360000,376.93
9/30/2014,5012450000,376.09
10/1/2014,5165060000,387.43
10/2/2014,5120700000,383.99
10/3/2014,5004540000,375.18
10/4/2014,4801920000,359.89
10/5/2014,4389890000,328.92
10/6/2014,4277430000,320.39
10/7/2014,4414880000,330.58
10/8/2014,4489870000,336.12
10/9/2014,4713320000,352.75
10/10/2014,4874190000,364.69
10/11/2014,4831160000,361.36
10/12/2014,4849070000,362.61
10/13/2014,5055290000,377.92
10/14/2014,5241030000,391.69
10/15/2014,5366290000,400.95
10/16/2014,5281630000,394.52
10/17/2014,5125580000,382.76
10/18/2014,5143260000,383.98
10/19/2014,5242370000,391.25
10/20/2014,5216560000,389.23
10/21/2014,5126590000,382.42
10/22/2014,5177640000,386.12
10/23/2014,5136830000,382.96
10/24/2014,4811290000,358.59
10/25/2014,4812990000,358.61
10/26/2014,4665040000,347.49
10/27/2014,4764020000,354.78
10/28/2014,4744450000,353.21
10/29/2014,4797700000,357.09
10/30/2014,4511760000,335.71
10/31/2014,4638210000,345.01
11/1/2014,4554320000,338.65
11/2/2014,4386500000,326.07
11/3/2014,4380950000,325.57
11/4/2014,4403750000,327.16
11/5/2014,4452510000,330.68
11/6/2014,4571830000,339.46
11/7/2014,4712700000,349.82
11/8/2014,4610750000,342.15
11/9/2014,4655480000,345.38
11/10/2014,4884490000,362.26
11/11/2014,4934270000,365.86
11/12/2014,4964150000,367.99
11/13/2014,5765520000,427.27
11/14/2014,5647540000,418.42
11/15/2014,5395770000,399.65
11/16/2014,5060640000,374.73
11/17/2014,5246000000,388.35
11/18/2014,5239790000,387.79
11/19/2014,5053560000,373.9
11/20/2014,5141550000,380.31
11/21/2014,4839570000,357.88
11/22/2014,4755830000,351.6
11/23/2014,4778440000,353.18
11/24/2014,4966080000,366.95
11/25/2014,5101970000,376.89
11/26/2014,5091480000,376.02
11/27/2014,5018040000,370.5
11/28/2014,5004050000,369.37
11/29/2014,5097280000,376.15
11/30/2014,5090060000,375.51
12/1/2014,5128700000,378.25
12/2/2014,5143500000,379.25
12/3/2014,5178450000,381.72
12/4/2014,5098100000,375.72
12/5/2014,5014290000,369.44
12/6/2014,5115040000,376.76
12/7/2014,5090240000,374.84
12/8/2014,5093180000,374.96
12/9/2014,4917110000,361.89
12/10/2014,4786700000,352.2
12/11/2014,4681040000,344.34
12/12/2014,4770620000,350.83
12/13/2014,4792870000,352.38
12/14/2014,4717270000,346.73
12/15/2014,4781560000,351.36
12/16/2014,4705370000,345.67
12/17/2014,4450380000,326.86
12/18/2014,4355140000,319.79
12/19/2014,4238930000,311.18
12/20/2014,4327750000,317.62
12/21/2014,4491320000,329.54
12/22/2014,4376890000,321.07
12/23/2014,4527490000,332.02
12/24/2014,4561040000,334.38
12/25/2014,4397250000,322.29
12/26/2014,4355750000,319.15
12/27/2014,4472050000,327.58
12/28/2014,4317320000,316.16
12/29/2014,4339700000,317.7
12/30/2014,4272940000,312.72
12/31/2014,4249480000,310.91
1/1/2015,4380820000,320.44
1/2/2015,4295210000,314.08
1/3/2015,4307010000,314.85
1/4/2015,3847150000,281.15
1/5/2015,3628490000,265.08
1/6/2015,3759970000,274.61
1/7/2015,3918090000,286.08
1/8/2015,4029490000,294.13
1/9/2015,3869530000,282.38
1/10/2015,3937990000,287.3
1/11/2015,3764960000,274.61
1/12/2015,3649970000,266.15
1/13/2015,3668040000,267.39
1/14/2015,3072020000,223.89
1/15/2015,2427830000,176.9
1/16/2015,2870180000,209.07
1/17/2015,2853930000,207.83
1/18/2015,2747730000,200.05
1/19/2015,2905410000,211.47
1/20/2015,2925910000,212.91
1/21/2015,2905520000,211.38
1/22/2015,3125520000,227.32
1/23/2015,3211490000,233.52
1/24/2015,3200970000,232.7
1/25/2015,3403300000,247.35
1/26/2015,3496650000,254.08
1/27/2015,3760210000,273.17
1/28/2015,3626050000,263.35
1/29/2015,3213920000,233.35
1/30/2015,3206940000,232.77
1/31/2015,3120490000,226.44
2/1/2015,2989460000,216.87
2/2/2015,3123010000,226.49
2/3/2015,3275110000,237.45
2/4/2015,3138700000,227.51
2/5/2015,3141730000,227.66
2/6/2015,2994350000,216.92
2/7/2015,3074140000,222.63
2/8/2015,3144920000,227.69
2/9/2015,3086220000,223.39
2/10/2015,3044180000,220.28
2/11/2015,3037370000,219.73
2/12/2015,3030990000,219.21
2/13/2015,3069830000,221.97
2/14/2015,3258210000,235.53
2/15/2015,3563290000,257.51
2/16/2015,3250240000,234.82
2/17/2015,3231750000,233.42
2/18/2015,3376060000,243.78
2/19/2015,3274980000,236.41
2/20/2015,3329190000,240.25
2/21/2015,3378660000,243.75
2/22/2015,3390510000,244.54
2/23/2015,3272880000,236
2/24/2015,3315370000,239
2/25/2015,3314640000,238.89
2/26/2015,3294030000,237.34
2/27/2015,3282410000,236.44
2/28/2015,3520560000,253.52
3/1/2015,3532050000,254.28
3/2/2015,3617340000,260.36
3/3/2015,3822510000,275.05
3/4/2015,3920130000,281.99
3/5/2015,3792480000,272.74
3/6/2015,3833160000,275.6
3/7/2015,3788190000,272.29
3/8/2015,3846750000,276.43
3/9/2015,3825250000,274.81
3/10/2015,4035790000,289.86
3/11/2015,4060030000,291.52
3/12/2015,4125290000,296.13
3/13/2015,4098250000,294.12
3/14/2015,3964470000,284.44
3/15/2015,3923350000,281.43
3/16/2015,3983760000,285.69
3/17/2015,4053230000,290.6
3/18/2015,3977030000,285.07
3/19/2015,3570820000,255.88
3/20/2015,3642550000,260.96
3/21/2015,3653040000,261.64
3/22/2015,3629920000,259.92
3/23/2015,3742290000,267.89
3/24/2015,3724830000,266.58
3/25/2015,3458950000,247.47
3/26/2015,3443230000,246.28
3/27/2015,3476180000,248.57
3/28/2015,3454980000,246.97
3/29/2015,3536570000,252.74
3/30/2015,3399510000,242.88
3/31/2015,3464410000,247.45
4/1/2015,3420100000,244.22
4/2/2015,3461060000,247.09
4/3/2015,3545940000,253.07
4/4/2015,3563920000,254.29
4/5/2015,3557460000,253.76
4/6/2015,3655990000,260.72
4/7/2015,3580410000,255.27
4/8/2015,3550390000,253.06
4/9/2015,3434520000,244.75
4/10/2015,3420500000,243.69
4/11/2015,3313620000,236.02
4/12/2015,3321740000,236.53
4/13/2015,3314280000,235.95
4/14/2015,3157970000,224.76
4/15/2015,3078890000,219.07
4/16/2015,3147650000,223.92
4/17/2015,3213910000,228.57
4/18/2015,3134170000,222.85
4/19/2015,3143460000,223.46
4/20/2015,3132400000,222.61
4/21/2015,3161520000,224.62
4/22/2015,3316990000,235.6
4/23/2015,3296060000,234.05
4/24/2015,3323830000,235.97
4/25/2015,3257850000,231.24
4/26/2015,3190790000,226.41
4/27/2015,3093200000,219.43
4/28/2015,3228470000,228.97
4/29/2015,3181700000,225.59
4/30/2015,3183860000,225.69
5/1/2015,3329190000,235.94
5/2/2015,3279270000,232.34
5/3/2015,3315980000,234.88
5/4/2015,3394130000,240.36
5/5/2015,3373650000,238.85
5/6/2015,3337790000,236.25
5/7/2015,3245660000,229.66
5/8/2015,3353090000,237.2
5/9/2015,3446790000,243.77
5/10/2015,3418740000,241.73
5/11/2015,3399290000,240.3
5/12/2015,3426350000,242.15
5/13/2015,3416690000,241.4
5/14/2015,3344280000,236.21
5/15/2015,3355680000,236.96
5/16/2015,3366300000,237.64
5/17/2015,3343940000,236.01
5/18/2015,3357380000,236.89
5/19/2015,3303650000,233.04
5/20/2015,3288140000,231.89
5/21/2015,3319140000,234.02
5/22/2015,3338560000,235.32
5/23/2015,3409830000,240.29
5/24/2015,3391910000,238.98
5/25/2015,3420480000,240.93
5/26/2015,3367040000,237.1
5/27/2015,3367340000,237.06
5/28/2015,3370890000,237.26
5/29/2015,3373380000,237.38
5/30/2015,3370240000,237.09
5/31/2015,3314780000,233.13
6/1/2015,3274370000,230.23
6/2/2015,3170730000,222.89
6/3/2015,3212010000,225.74
6/4/2015,3213320000,225.77
6/5/2015,3191080000,224.15
6/6/2015,3203980000,225
6/7/2015,3213390000,225.6
6/8/2015,3175520000,222.88
6/9/2015,3257050000,228.54
6/10/2015,3264420000,229
6/11/2015,3263390000,228.85
6/12/2015,3276290000,229.71
6/13/2015,3280180000,229.92
6/14/2015,3317080000,232.44
6/15/2015,3331930000,233.42
6/16/2015,3380500000,236.76
6/17/2015,3581960000,250.82
6/18/2015,3563010000,249.43
6/19/2015,3558500000,249.04
6/20/2015,3494910000,244.53
6/21/2015,3503880000,245.1
6/22/2015,3488460000,243.97
6/23/2015,3531700000,246.93
6/24/2015,3494730000,244.28
6/25/2015,3439620000,240.37
6/26/2015,3472580000,242.6
6/27/2015,3487060000,243.55
6/28/2015,3593900000,250.96
6/29/2015,3562790000,248.72
6/30/2015,3682790000,257.04
7/1/2015,3774140000,263.35
7/2/2015,3706320000,258.55
7/3/2015,3662970000,255.46
7/4/2015,3678800000,256.49
7/5/2015,3741670000,260.81
7/6/2015,3890430000,271.11
7/7/2015,3875220000,269.96
7/8/2015,3818970000,265.98
7/9/2015,3889620000,270.83
7/10/2015,3866510000,269.16
7/11/2015,4093500000,284.88
7/12/2015,4213280000,293.14
7/13/2015,4468540000,310.83
7/14/2015,4199450000,292.03
7/15/2015,4143120000,288.05
7/16/2015,4115410000,286.04
7/17/2015,4001950000,278.09
7/18/2015,4020820000,279.33
7/19/2015,3956140000,274.77
7/20/2015,3938930000,273.5
7/21/2015,4017540000,278.88
7/22/2015,3971960000,275.66
7/23/2015,3997290000,277.34
7/24/2015,3978990000,276
7/25/2015,4155500000,288.16
7/26/2015,4163470000,288.64
7/27/2015,4222210000,292.64
7/28/2015,4237650000,293.63
7/29/2015,4250940000,294.48
7/30/2015,4174360000,289.1
7/31/2015,4155010000,287.7
8/1/2015,4112610000,284.69
8/2/2015,4052470000,280.45
8/3/2015,4087610000,282.81
8/4/2015,4065870000,281.23
8/5/2015,4119190000,284.85
8/6/2015,4077600000,281.91
8/7/2015,4032820000,278.74
8/8/2015,4048270000,279.74
8/9/2015,3779770000,261.12
8/10/2015,3843850000,265.48
8/11/2015,3828500000,264.34
8/12/2015,3920210000,270.6
8/13/2015,3857090000,266.18
8/14/2015,3828340000,264.13
8/15/2015,3849530000,265.53
8/16/2015,3797330000,261.87
8/17/2015,3749260000,258.49
8/18/2015,3742020000,257.93
8/19/2015,3274860000,225.67
8/20/2015,3293570000,226.9
8/21/2015,3417200000,235.35
8/22/2015,3379050000,232.66
8/23/2015,3346760000,230.38
8/24/2015,3314640000,228.11
8/25/2015,3053250000,210.07
8/26/2015,3228540000,222.08
8/27/2015,3287220000,226.05
8/28/2015,3268370000,224.7
8/29/2015,3368880000,231.55
8/30/2015,3345740000,229.9
8/31/2015,3335220000,229.11
9/1/2015,3352760000,230.26
9/2/2015,3321180000,228.03
9/3/2015,3340990000,229.32
9/4/2015,3311080000,227.22
9/5/2015,3355470000,230.2
9/6/2015,3424420000,234.87
9/7/2015,3499120000,239.93
9/8/2015,3498750000,239.85
9/9/2015,3551640000,243.41
9/10/2015,3478410000,238.34
9/11/2015,3479310000,238.33
9/12/2015,3502520000,239.85
9/13/2015,3435990000,235.24
9/14/2015,3369190000,230.61
9/15/2015,3368360000,230.49
9/16/2015,3365740000,230.25
9/17/2015,3349390000,229.08
9/18/2015,3415440000,233.52
9/19/2015,3406390000,232.86
9/20/2015,3385770000,231.4
9/21/2015,3383840000,231.22
9/22/2015,3322420000,226.97
9/23/2015,3381390000,230.94
9/24/2015,3373850000,230.36
9/25/2015,3433300000,234.36
9/26/2015,3444730000,235.08
9/27/2015,3431860000,234.14
9/28/2015,3413630000,232.84
9/29/2015,3505090000,239.02
9/30/2015,3471280000,236.64
10/1/2015,3462800000,236
10/2/2015,3482190000,237.26
10/3/2015,3482100000,237.2
10/4/2015,3502460000,238.53
10/5/2015,3497740000,238.15
10/6/2015,3531230000,240.36
10/7/2015,3617400000,246.17
10/8/2015,3572730000,243.07
10/9/2015,3565090000,242.5
10/10/2015,3584120000,243.74
10/11/2015,3599840000,244.74
10/12/2015,3632110000,246.88
10/13/2015,3608340000,245.2
10/14/2015,3672370000,249.49
10/15/2015,3711800000,252.11
10/16/2015,3745090000,254.3
10/17/2015,3870490000,262.75
10/18/2015,3991620000,270.91
10/19/2015,3859270000,261.86
10/20/2015,3885570000,263.57
10/21/2015,3970980000,269.31
10/22/2015,3930500000,266.5
10/23/2015,4037010000,273.65
10/24/2015,4080140000,276.5
10/25/2015,4154100000,281.44
10/26/2015,4187410000,283.63
10/27/2015,4211500000,285.18
10/28/2015,4338430000,293.7
10/29/2015,4496390000,304.32
10/30/2015,4639690000,313.94
10/31/2015,4856410000,328.51
11/1/2015,4657890000,315
11/2/2015,4820850000,325.94
11/3/2015,5353680000,361.87
11/4/2015,5973510000,403.66
11/5/2015,6040410000,408.08
11/6/2015,5745320000,388.05
11/7/2015,5542680000,374.27
11/8/2015,5692390000,384.28
11/9/2015,5546240000,374.32
11/10/2015,5631520000,379.98
11/11/2015,5037510000,339.82
11/12/2015,4657240000,314.08
11/13/2015,5020700000,338.5
11/14/2015,4994250000,336.62
11/15/2015,4942420000,333.05
11/16/2015,4746070000,319.74
11/17/2015,4905260000,330.36
11/18/2015,4969330000,334.59
11/19/2015,4971880000,334.68
11/20/2015,4850170000,326.41
11/21/2015,4787340000,322.09
11/22/2015,4861340000,326.98
11/23/2015,4823700000,324.35
11/24/2015,4805160000,323.01
11/25/2015,4762230000,320.05
11/26/2015,4886330000,328.3
11/27/2015,5238500000,351.86
11/28/2015,5318300000,357.14
11/29/2015,5324610000,357.47
11/30/2015,5534000000,371.44
12/1/2015,5624580000,377.41
12/2/2015,5394070000,361.85
12/3/2015,5358040000,359.33
12/4/2015,5388110000,361.26
12/5/2015,5426180000,363.72
12/6/2015,5813290000,389.56
12/7/2015,5821140000,389.98
12/8/2015,5908810000,395.75
12/9/2015,6189620000,414.44
12/10/2015,6244360000,417.99
12/11/2015,6206150000,415.28
12/12/2015,6761730000,452.33
12/13/2015,6454430000,431.66
12/14/2015,6480070000,433.27
12/15/2015,6640850000,443.88
12/16/2015,6962090000,465.21
12/17/2015,6807850000,454.78
12/18/2015,6825640000,455.85
12/19/2015,6942950000,463.55
12/20/2015,6925030000,462.23
12/21/2015,6636280000,442.84
12/22/2015,6556960000,437.44
12/23/2015,6547850000,436.72
12/24/2015,6645120000,443.09
12/25/2015,6823120000,454.86
12/26/2015,6838480000,455.76
12/27/2015,6251440000,416.51
12/28/2015,6356100000,423.34
12/29/2015,6339010000,422.1
12/30/2015,6508960000,433.3
12/31/2015,6399190000,425.88
1/1/2016,6473530000,430.72
1/2/2016,6533630000,434.62
1/3/2016,6519500000,433.58
1/4/2016,6468180000,430.06
1/5/2016,6515380000,433.07
1/6/2016,6498830000,431.86
1/7/2016,6472580000,430.01
1/8/2016,6888600000,457.54
1/9/2016,6828000000,453.38
1/10/2016,6752210000,448.24
1/11/2016,6761090000,448.7
1/12/2016,6755220000,448.18
1/13/2016,6553350000,434.67
1/14/2016,6519110000,432.29
1/15/2016,6489870000,430.25
1/16/2016,5507790000,365.07
1/17/2016,5842270000,387.15
1/18/2016,5761940000,381.73
1/19/2016,5843510000,387.03
1/20/2016,5734760000,379.74
1/21/2016,6338800000,419.63
1/22/2016,6190940000,409.75
1/23/2016,5779890000,382.43
1/24/2016,5867300000,388.1
1/25/2016,6083900000,402.32
1/26/2016,5929520000,392
1/27/2016,5937780000,392.44
1/28/2016,5980180000,395.15
1/29/2016,5753970000,380.11
1/30/2016,5736760000,378.87
1/31/2016,5729870000,378.29
2/1/2016,5596090000,369.35
2/2/2016,5651690000,372.92
2/3/2016,5679530000,374.65
2/4/2016,5613380000,370.17
2/5/2016,5898960000,388.9
2/6/2016,5865740000,386.59
2/7/2016,5714760000,376.51
2/8/2016,5720100000,376.76
2/9/2016,5670880000,373.42
2/10/2016,5713880000,376.15
2/11/2016,5806110000,382.11
2/12/2016,5771040000,379.69
2/13/2016,5847990000,384.64
2/14/2016,5975580000,392.93
2/15/2016,6199850000,407.57
2/16/2016,6108040000,401.43
2/17/2016,6204150000,407.66
2/18/2016,6341430000,416.57
2/19/2016,6436980000,422.73
2/20/2016,6421310000,421.6
2/21/2016,6669260000,437.77
2/22/2016,6689200000,438.99
2/23/2016,6679400000,438.25
2/24/2016,6417190000,420.96
2/25/2016,6480650000,425.04
2/26/2016,6476080000,424.63
2/27/2016,6602810000,432.84
2/28/2016,6600310000,432.57
2/29/2016,6614980000,433.44
3/1/2016,6684800000,437.92
3/2/2016,6643810000,435.13
3/3/2016,6474150000,423.91
3/4/2016,6443890000,421.84
3/5/2016,6276610000,410.78
3/6/2016,6121400000,400.52
3/7/2016,6233430000,407.76
3/8/2016,6337370000,414.46
3/9/2016,6330230000,413.89
3/10/2016,6344960000,414.74
3/11/2016,6384740000,417.24
3/12/2016,6453260000,421.61
3/13/2016,6302330000,411.65
3/14/2016,6342780000,414.2
3/15/2016,6377870000,416.39
3/16/2016,6387190000,416.89
3/17/2016,6404130000,417.89
3/18/2016,6446330000,420.55
3/19/2016,6274790000,409.26
3/20/2016,6293610000,410.4
3/21/2016,6341380000,413.42
3/22/2016,6338430000,413.13
3/23/2016,6417130000,418.16
3/24/2016,6422730000,418.42
3/25/2016,6394850000,416.51
3/26/2016,6409500000,417.37
3/27/2016,6423040000,418.14
3/28/2016,6553700000,426.55
3/29/2016,6521010000,424.3
3/30/2016,6407840000,416.83
3/31/2016,6385140000,415.26
4/1/2016,6409540000,416.76
4/2/2016,6436700000,418.42
4/3/2016,6480470000,421.17
4/4/2016,6483910000,421.3
4/5/2016,6481350000,421.02
4/6/2016,6533260000,424.28
4/7/2016,6524680000,423.62
4/8/2016,6515190000,422.91
4/9/2016,6484410000,420.81
4/10/2016,6467330000,419.59
4/11/2016,6504290000,421.87
4/12/2016,6520870000,422.84
4/13/2016,6565470000,425.63
4/14/2016,6541030000,423.94
4/15/2016,6550350000,424.43
4/16/2016,6631310000,429.57
4/17/2016,6649170000,430.64
4/18/2016,6604150000,427.61
4/19/2016,6622450000,428.7
4/20/2016,6726370000,435.32
4/21/2016,6822320000,441.42
4/22/2016,6951860000,449.69
4/23/2016,6894280000,445.86
4/24/2016,6968570000,450.56
4/25/2016,7102490000,459.12
4/26/2016,7143060000,461.65
4/27/2016,7216190000,466.26
4/28/2016,6889170000,445.04
4/29/2016,6958330000,449.41
4/30/2016,7049460000,455.18
5/1/2016,6947430000,448.48
5/2/2016,7002610000,451.93
5/3/2016,6892690000,444.73
5/4/2016,6978950000,450.18
5/5/2016,6926990000,446.71
5/6/2016,6947800000,447.94
5/7/2016,7131120000,459.64
5/8/2016,7114060000,458.43
5/9/2016,7112510000,458.21
5/10/2016,7150370000,460.52
5/11/2016,7002230000,450.86
5/12/2016,7028330000,452.45
5/13/2016,7067270000,454.85
5/14/2016,7084100000,455.82
5/15/2016,7084760000,455.76
5/16/2016,7114740000,457.59
5/17/2016,7060730000,454.01
5/18/2016,7057390000,453.69
5/19/2016,7072090000,454.52
5/20/2016,6813080000,437.79
5/21/2016,6895230000,442.97
5/22/2016,6900700000,443.22
5/23/2016,6842470000,439.35
5/24/2016,6921460000,444.29
5/25/2016,6950690000,446.06
5/26/2016,7008500000,449.67
5/27/2016,7070010000,453.52
5/28/2016,7375780000,473.03
5/29/2016,8226500000,527.48
5/30/2016,8243960000,528.47
5/31/2016,8335100000,534.19
6/1/2016,8288680000,531.11
6/2/2016,8375000000,536.51
6/3/2016,8395070000,537.68
6/4/2016,8897080000,569.71
6/5/2016,8955060000,573.31
6/6/2016,8977700000,574.6
6/7/2016,9149580000,585.45
6/8/2016,9022250000,577.17
6/9/2016,9103080000,582.2
6/10/2016,9005920000,575.84
6/11/2016,9052360000,578.67
6/12/2016,9539850000,609.68
6/13/2016,10511900000,671.65
6/14/2016,11028900000,704.5
6/15/2016,10736600000,685.68
6/16/2016,10908900000,696.52
6/17/2016,12038900000,768.49
6/18/2016,11732600000,748.76
6/19/2016,11859800000,756.69
6/20/2016,11976700000,763.93
6/21/2016,11540000000,735.88
6/22/2016,10445300000,665.91
6/23/2016,9373190000,597.44
6/24/2016,9816730000,625.58
6/25/2016,10442000000,665.28
6/26/2016,10454900000,665.93
6/27/2016,9882840000,629.35
6/28/2016,10336800000,658.1
6/29/2016,10119600000,644.12
6/30/2016,10066400000,640.59
7/1/2016,10570600000,672.51
7/2/2016,10639600000,676.73
7/3/2016,11086100000,704.97
7/4/2016,10362700000,658.8
7/5/2016,10749100000,683.21
7/6/2016,10550300000,670.42
7/7/2016,10673400000,678.09
7/8/2016,10086900000,640.69
7/9/2016,10493800000,666.38
7/10/2016,10247300000,650.6
7/11/2016,10215200000,648.48
7/12/2016,10213100000,648.28
7/13/2016,10474500000,664.8
7/14/2016,10288400000,652.92
7/15/2016,10387900000,659.17
7/16/2016,10461700000,663.78
7/17/2016,10434700000,661.99
7/18/2016,10716800000,679.81
7/19/2016,10606500000,672.74
7/20/2016,10608600000,672.81
7/21/2016,10490300000,665.23
7/22/2016,10486600000,664.92
7/23/2016,10263700000,650.73
7/24/2016,10338600000,655.41
7/25/2016,10431900000,661.26
7/26/2016,10321900000,654.23
7/27/2016,10281900000,651.63
7/28/2016,10328100000,654.49
7/29/2016,10338900000,655.11
7/30/2016,10370100000,657.01
7/31/2016,10340900000,655.1
8/1/2016,9860620000,624.6
8/2/2016,9574320000,606.4
8/3/2016,8663670000,548.66
8/4/2016,8943870000,566.33
8/5/2016,9133690000,578.28
8/6/2016,9083510000,575.03
8/7/2016,9285940000,587.77
8/8/2016,9365440000,592.74
8/9/2016,9339660000,591.04
8/10/2016,9286960000,587.65
8/11/2016,9358770000,592.12
8/12/2016,9307250000,588.8
8/13/2016,9285530000,587.36
8/14/2016,9258730000,585.59
8/15/2016,9021180000,570.49
8/16/2016,8970770000,567.24
8/17/2016,9138030000,577.76
8/18/2016,9074760000,573.71
8/19/2016,9085820000,574.34
8/20/2016,9114500000,576.08
8/21/2016,9208210000,581.94
8/22/2016,9199410000,581.31
8/23/2016,9286930000,586.77
8/24/2016,9234800000,583.41
8/25/2016,9184700000,580.18
8/26/2016,9147170000,577.75
8/27/2016,9174990000,579.45
8/28/2016,9023610000,569.83
8/29/2016,9091830000,574.07
8/30/2016,9093530000,574.11
8/31/2016,9149730000,577.59
9/1/2016,9118280000,575.55
9/2/2016,9069550000,572.41
9/3/2016,9120440000,575.55
9/4/2016,9486370000,598.59
9/5/2016,9652490000,608.99
9/6/2016,9614140000,606.51
9/7/2016,9679610000,610.57
9/8/2016,9745120000,614.63
9/9/2016,9931980000,626.35
9/10/2016,9878730000,622.93
9/11/2016,9887780000,623.42
9/12/2016,9628560000,607
9/13/2016,9645930000,608.02
9/14/2016,9660080000,608.84
9/15/2016,9688940000,610.59
9/16/2016,9637020000,607.25
9/17/2016,9637600000,607.22
9/18/2016,9623950000,606.28
9/19/2016,9681960000,609.87
9/20/2016,9673140000,609.25
9/21/2016,9584260000,603.59
9/22/2016,9485280000,597.28
9/23/2016,9469130000,596.2
9/24/2016,9577520000,602.96
9/25/2016,9575360000,602.75
9/26/2016,9545830000,600.81
9/27/2016,9661590000,608.02
9/28/2016,9634530000,606.24
9/29/2016,9616160000,605.02
9/30/2016,9628250000,605.72
10/1/2016,9696280000,609.93
10/2/2016,9761330000,613.95
10/3/2016,9714980000,610.97
10/4/2016,9733330000,612.05
10/5/2016,9705320000,610.22
10/6/2016,9742370000,612.47
10/7/2016,9745740000,612.61
10/8/2016,9822100000,617.34
10/9/2016,9852480000,619.17
10/10/2016,9816270000,616.82
10/11/2016,9855650000,619.24
10/12/2016,10201000000,640.87
10/13/2016,10125100000,636.03
10/14/2016,10141600000,637.01
10/15/2016,10195200000,640.31
10/16/2016,10176800000,639.08
10/17/2016,10221300000,641.82
10/18/2016,10184000000,639.41
10/19/2016,10164800000,638.13
10/20/2016,10046700000,630.66
10/21/2016,10050300000,630.83
10/22/2016,10088400000,633.14
10/23/2016,10479700000,657.62
10/24/2016,10473500000,657.16
10/25/2016,10424300000,654
10/26/2016,10484000000,657.68
10/27/2016,10812500000,678.21
10/28/2016,10969800000,688
10/29/2016,11007600000,690.29
10/30/2016,11388800000,714.12
10/31/2016,11207200000,702.64
11/1/2016,11187700000,701.34
11/2/2016,11647200000,730.07
11/3/2016,11844300000,742.35
11/4/2016,10996400000,689.12
11/5/2016,11227200000,703.52
11/6/2016,11233000000,703.81
11/7/2016,11344800000,710.74
11/8/2016,11224000000,703.09
11/9/2016,11333000000,709.83
11/10/2016,11542100000,722.84
11/11/2016,11427200000,715.55
11/12/2016,11447700000,716.75
11/13/2016,11264500000,705.2
11/14/2016,11214600000,702
11/15/2016,11283400000,705.79
11/16/2016,11370700000,711.17
11/17/2016,11911300000,744.88
11/18/2016,11846000000,740.71
11/19/2016,12025400000,751.83
11/20/2016,12027500000,751.88
11/21/2016,11698900000,731.26
11/22/2016,11834200000,739.64
11/23/2016,12029000000,751.74
11/24/2016,11916500000,744.62
11/25/2016,11851100000,740.44
11/26/2016,11869600000,741.51
11/27/2016,11773800000,735.44
11/28/2016,11727800000,732.48
11/29/2016,11790900000,736.33
11/30/2016,11791600000,736.28
12/1/2016,11949200000,746.05
12/2/2016,12134800000,757.54
12/3/2016,12467800000,778.25
12/4/2016,12363600000,771.64
12/5/2016,12393100000,773.39
12/6/2016,12159400000,758.72
12/7/2016,12248900000,764.21
12/8/2016,12312500000,768.08
12/9/2016,12344000000,769.94
12/10/2016,12394500000,773.02
12/11/2016,12423600000,774.75
12/12/2016,12349800000,770.04
12/13/2016,12521500000,780.65
12/14/2016,12512900000,780
12/15/2016,12511700000,780.07
12/16/2016,12498800000,778.96
12/17/2016,12599600000,785.17
12/18/2016,12694800000,791.01
12/19/2016,12691100000,790.69
12/20/2016,12717600000,792.25
12/21/2016,12853700000,800.64
12/22/2016,13393800000,834.18
12/23/2016,13888600000,864.89
12/24/2016,14810300000,922.18
12/25/2016,14450100000,899.65
12/26/2016,14407800000,896.9
12/27/2016,14593300000,908.35
12/28/2016,15020500000,934.83
12/29/2016,15670000000,975.13
12/30/2016,15630200000,972.53
12/31/2016,15440700000,960.63
1/1/2017,15491200000,963.66
1/2/2017,16055100000,998.62
1/3/2017,16426600000,1021.6
1/4/2017,16795400000,1044.4
1/5/2017,18604000000,1156.73
1/6/2017,16314100000,1014.24
1/7/2017,14534400000,903.49
1/8/2017,14611400000,908.17
1/9/2017,14694900000,913.24
1/10/2017,14522600000,902.44
1/11/2017,14615700000,908.12
1/12/2017,12477600000,775.18
1/13/2017,12939100000,803.74
1/14/2017,13285200000,825.14
1/15/2017,13174300000,818.14
1/16/2017,13234600000,821.78
1/17/2017,13383900000,830.95
1/18/2017,14648900000,909.37
1/19/2017,14311700000,888.34
1/20/2017,14472100000,898.17
1/21/2017,14432000000,895.55
1/22/2017,14863600000,922.21
1/23/2017,14918800000,925.5
1/24/2017,14681400000,910.68
1/25/2017,14380700000,891.92
1/26/2017,14551200000,902.39
1/27/2017,14810400000,918.36
1/28/2017,14835800000,919.81
1/29/2017,14874000000,922.07
1/30/2017,14844900000,920.15
1/31/2017,14859700000,920.96
2/1/2017,15667900000,970.94
2/2/2017,15977800000,990
2/3/2017,16326100000,1011.46
2/4/2017,16648800000,1031.33
2/5/2017,16847400000,1043.52
2/6/2017,16605400000,1028.4
2/7/2017,16796600000,1040.14
2/8/2017,17156700000,1062.32
2/9/2017,17197100000,1064.7
2/10/2017,16083600000,995.63
2/11/2017,15976700000,988.9
2/12/2017,16214700000,1003.52
2/13/2017,16141500000,998.88
2/14/2017,16028000000,991.74
2/15/2017,16264100000,1006.21
2/16/2017,16289100000,1007.65
2/17/2017,16589600000,1026.12
2/18/2017,16964800000,1049.21
2/19/2017,17056600000,1054.76
2/20/2017,16960200000,1048.69
2/21/2017,17456900000,1079.28
2/22/2017,18033400000,1114.8
2/23/2017,18075200000,1117.27
2/24/2017,18974400000,1172.71
2/25/2017,18939500000,1170.41
2/26/2017,18518900000,1144.27
2/27/2017,18837300000,1163.78
2/28/2017,19113600000,1180.72
3/1/2017,19104800000,1180.04
3/2/2017,19829800000,1224.68
3/3/2017,20253700000,1250.71
3/4/2017,20688800000,1277.43
3/5/2017,20316000000,1254.29
3/6/2017,20531900000,1267.47
3/7/2017,20627100000,1273.21
3/8/2017,19819800000,1223.23
3/9/2017,18640900000,1150.35
3/10/2017,19275300000,1189.36
3/11/2017,18093700000,1116.32
3/12/2017,19073300000,1176.62
3/13/2017,19807700000,1221.78
3/14/2017,19978200000,1232.16
3/15/2017,20110400000,1240.16
3/16/2017,20293700000,1251.33
3/17/2017,19141800000,1180.16
3/18/2017,17838700000,1099.69
3/19/2017,15846000000,976.73
3/20/2017,16829800000,1037.24
3/21/2017,17125600000,1055.36
3/22/2017,18187100000,1120.65
3/23/2017,17043400000,1050.05
3/24/2017,16857000000,1038.45
3/25/2017,15204800000,936.54
3/26/2017,15814800000,974.01
3/27/2017,15785000000,972.05
3/28/2017,16964500000,1044.58
3/29/2017,16990900000,1046.08
3/30/2017,16929800000,1042.21
3/31/2017,16679000000,1026.64
4/1/2017,17413000000,1071.71
4/2/2017,17559400000,1080.61
4/3/2017,17924600000,1102.95
4/4/2017,18619000000,1145.52
4/5/2017,18435700000,1134.14
4/6/2017,18302600000,1125.81
4/7/2017,19168500000,1178.94
4/8/2017,19068600000,1172.65
4/9/2017,19134400000,1176.57
4/10/2017,19311200000,1187.3
4/11/2017,19316000000,1187.46
4/12/2017,19600800000,1204.81
4/13/2017,19541300000,1201.02
4/14/2017,19043800000,1170.33
4/15/2017,18996500000,1167.3
4/16/2017,19085100000,1172.61
4/17/2017,19260500000,1183.25
4/18/2017,19433800000,1193.77
4/19/2017,19734800000,1212.13
4/20/2017,19719900000,1211.08
4/21/2017,20020700000,1229.42
4/22/2017,19913900000,1222.71
4/23/2017,20066200000,1231.92
4/24/2017,19705400000,1209.63
4/25/2017,20372300000,1250.45
4/26/2017,20627900000,1265.99
4/27/2017,20889200000,1281.88
4/28/2017,21476000000,1317.74
4/29/2017,21479800000,1317.84
4/30/2017,21548400000,1321.87
5/1/2017,21981800000,1348.3
5/2/2017,23170200000,1421.03
5/3/2017,23707100000,1453.78
5/4/2017,24311900000,1490.72
5/5/2017,25133100000,1540.87
5/6/2017,25395600000,1556.81
5/7/2017,25768500000,1579.47
5/8/2017,26056500000,1596.92
5/9/2017,28132200000,1723.89
5/10/2017,28668100000,1756.52
5/11/2017,29060600000,1780.37
5/12/2017,30131100000,1845.76
5/13/2017,28132300000,1723.12
5/14/2017,29405100000,1800.86
5/15/2017,29532600000,1808.44
5/16/2017,28446300000,1741.7
5/17/2017,28204800000,1726.73
5/18/2017,29710500000,1818.7
5/19/2017,30999000000,1897.37
5/20/2017,32422400000,1984.24
5/21/2017,33779400000,2067.03
5/22/2017,33393600000,2043.19
5/23/2017,35822600000,2191.56
5/24/2017,37949200000,2321.37
5/25/2017,39995400000,2446.24
5/26/2017,37950600000,2320.89
5/27/2017,35917100000,2196.27
5/28/2017,33595900000,2054.08
5/29/2017,35323500000,2159.43
5/30/2017,36897000000,2255.36
5/31/2017,35786700000,2187.19
6/1/2017,37446200000,2288.33
6/2/2017,39344600000,2404.03
6/3/2017,40817100000,2493.72
6/4/2017,41708200000,2547.79
6/5/2017,41133900000,2512.4
6/6/2017,44061000000,2690.84
6/7/2017,46989800000,2869.38
6/8/2017,44557100000,2720.49
6/9/2017,45987100000,2807.44
6/10/2017,46331400000,2828.14
6/11/2017,48208700000,2942.41
6/12/2017,48391200000,2953.22
6/13/2017,43934100000,2680.91
6/14/2017,44528300000,2716.88
6/15/2017,40971300000,2499.58
6/16/2017,40484100000,2469.57
6/17/2017,41217200000,2514.01
6/18/2017,43539300000,2655.35
6/19/2017,41800600000,2549.03
6/20/2017,42498000000,2591.26
6/21/2017,44440800000,2709.43
6/22/2017,44143700000,2691.03
6/23/2017,44415900000,2707.34
6/24/2017,44932900000,2738.52
6/25/2017,42783800000,2607.25
6/26/2017,42514000000,2590.57
6/27/2017,40677900000,2478.45
6/28/2017,41906700000,2553.03
6/29/2017,42150300000,2567.56
6/30/2017,41689100000,2539.24
7/1/2017,40928200000,2492.6
7/2/2017,40010500000,2436.4
7/3/2017,41037200000,2498.56
7/4/2017,42067900000,2561
7/5/2017,42760800000,2602.87
7/6/2017,42851400000,2608.1
7/7/2017,42864200000,2608.59
7/8/2017,41417700000,2520.27
7/9/2017,42283200000,2572.61
7/10/2017,41509000000,2525.25
7/11/2017,39224200000,2385.89
7/12/2017,38355900000,2332.77
7/13/2017,39511000000,2402.7
7/14/2017,38823100000,2360.59
7/15/2017,36681300000,2230.12
7/16/2017,32767600000,1991.98
7/17/2017,31795000000,1932.62
7/18/2017,36749400000,2233.52
7/19/2017,38227800000,2323.08
7/20/2017,37356800000,2269.89
7/21/2017,46719000000,2838.41
7/22/2017,43929600000,2668.63
7/23/2017,46231100000,2808.1
7/24/2017,44995600000,2732.7
7/25/2017,45410100000,2757.5
7/26/2017,42455000000,2577.77
7/27/2017,41816500000,2538.71
7/28/2017,44144400000,2679.73
7/29/2017,46246700000,2807.02
7/30/2017,44890700000,2724.39
7/31/2017,45535800000,2763.24
8/1/2017,47321800000,2871.3
8/2/2017,44950800000,2727.13
8/3/2017,44666400000,2709.56
8/4/2017,46276200000,2806.93
8/5/2017,47778200000,2897.63
8/6/2017,53720900000,3257.61
8/7/2017,52987300000,3212.78
8/8/2017,55590300000,3370.22
8/9/2017,56424900000,3420.4
8/10/2017,55134700000,3341.84
8/11/2017,55668000000,3373.82
8/12/2017,60242100000,3650.63
8/13/2017,64034100000,3880.04
8/14/2017,67112300000,4066.1
8/15/2017,71425500000,4326.99
8/16/2017,69342700000,4200.34
8/17/2017,72389100000,4384.44
8/18/2017,71406500000,4324.34
8/19/2017,68333100000,4137.75
8/20/2017,69192700000,4189.31
8/21/2017,67567100000,4090.48
8/22/2017,66051000000,3998.35
8/23/2017,67553000000,4089.01
8/24/2017,68363900000,4137.6
8/25/2017,71595100000,4332.82
8/26/2017,72249100000,4372.06
8/27/2017,71809200000,4345.1
8/28/2017,72467900000,4384.45
8/29/2017,72553800000,4389.21
8/30/2017,75556600000,4570.36
8/31/2017,75322300000,4555.59
9/1/2017,77748400000,4701.76
9/2/2017,81060600000,4901.42
9/3/2017,75841700000,4585.27
9/4/2017,75955500000,4591.63
9/5/2017,69954400000,4228.29
9/6/2017,72418700000,4376.59
9/7/2017,75945000000,4589.14
9/8/2017,76220200000,4605.16
9/9/2017,70017200000,4229.81
9/10/2017,70018100000,4229.34
9/11/2017,68256000000,4122.47
9/12/2017,69033400000,4168.88
9/13/2017,68432200000,4131.98
9/14/2017,64191600000,3875.37
9/15/2017,52453500000,3166.3
9/16/2017,60271600000,3637.75
9/17/2017,59757800000,3606.28
9/18/2017,59514100000,3591.09
9/19/2017,67520300000,4073.79
9/20/2017,64918500000,3916.36
9/21/2017,64677600000,3901.47
9/22/2017,60152300000,3628.02
9/23/2017,60190000000,3629.92
9/24/2017,62954300000,3796.15
9/25/2017,61061100000,3681.58
9/26/2017,65161000000,3928.41
9/27/2017,64579200000,3892.94
9/28/2017,69633200000,4197.13
9/29/2017,69219200000,4171.62
9/30/2017,69136600000,4166.11
10/1/2017,72047300000,4341.05
10/2/2017,72963200000,4395.81
10/3/2017,73181300000,4408.46
10/4/2017,71712500000,4319.37
10/5/2017,70233700000,4229.88
10/6/2017,71810600000,4324.46
10/7/2017,72565100000,4369.35
10/8/2017,73575400000,4429.67
10/9/2017,76656500000,4614.52
10/10/2017,79351800000,4776.21
10/11/2017,79578200000,4789.25
10/12/2017,80256700000,4829.58
10/13/2017,90812400000,5464.16
10/14/2017,93803000000,5643.53
10/15/2017,97011900000,5835.96
10/16/2017,94559000000,5687.57
10/17/2017,95469300000,5741.58
10/18/2017,93190200000,5603.82
10/19/2017,92867000000,5583.74
10/20/2017,94947900000,5708.11
10/21/2017,99763200000,5996.79
10/22/2017,1.00E+11,6036.66
10/23/2017,99941600000,6006
10/24/2017,98781600000,5935.52
10/25/2017,91954200000,5524.6
10/26/2017,95685100000,5747.95
10/27/2017,98225400000,5899.74
10/28/2017,96369600000,5787.82
10/29/2017,95819800000,5754.44
10/30/2017,1.02E+11,6114.85
10/31/2017,1.02E+11,6132.02
11/1/2017,1.07E+11,6440.97
11/2/2017,1.13E+11,6777.77
11/3/2017,1.18E+11,7087.53
11/4/2017,1.19E+11,7164.48
11/5/2017,1.23E+11,7404.52
11/6/2017,1.23E+11,7403.22
11/7/2017,1.17E+11,7023.1
11/8/2017,1.19E+11,7141.38
11/9/2017,1.24E+11,7446.83
11/10/2017,1.20E+11,7173.73
11/11/2017,1.10E+11,6618.61
11/12/2017,1.05E+11,6295.45
11/13/2017,99029000000,5938.25
11/14/2017,1.09E+11,6561.48
11/15/2017,1.11E+11,6634.76
11/16/2017,1.22E+11,7323.24
11/17/2017,1.31E+11,7853.57
11/18/2017,1.28E+11,7697.21
11/19/2017,1.30E+11,7766.03
11/20/2017,1.34E+11,8039.07
11/21/2017,1.37E+11,8205.74
11/22/2017,1.35E+11,8077.95
11/23/2017,1.37E+11,8232.38
11/24/2017,1.35E+11,8074.02
11/25/2017,1.38E+11,8241.71
11/26/2017,1.47E+11,8789.04
11/27/2017,1.56E+11,9352.72
11/28/2017,1.64E+11,9823.43
11/29/2017,1.68E+11,10077.4
11/30/2017,1.66E+11,9906.79
12/1/2017,1.70E+11,10198.6
12/2/2017,1.83E+11,10978.3
12/3/2017,1.85E+11,11082.7
12/4/2017,1.89E+11,11315.4
12/5/2017,1.95E+11,11685.7
12/6/2017,1.99E+11,11923.4
12/7/2017,2.39E+11,14266.1
12/8/2017,2.98E+11,17802.9
12/9/2017,2.76E+11,16523.3
12/10/2017,2.54E+11,15168.4
12/11/2017,2.58E+11,15427.4
12/12/2017,2.83E+11,16919.8
12/13/2017,2.93E+11,17500
12/14/2017,2.74E+11,16384.6
12/15/2017,2.78E+11,16601.3
12/16/2017,2.97E+11,17760.3
12/17/2017,3.26E+11,19475.8
12/18/2017,3.20E+11,19106.4
12/19/2017,3.20E+11,19118.3
12/20/2017,2.98E+11,17760.3
12/21/2017,2.79E+11,16642.4
12/22/2017,2.66E+11,15898
12/23/2017,2.34E+11,13948.7
12/24/2017,2.45E+11,14608.2
12/25/2017,2.35E+11,13995.9
12/26/2017,2.35E+11,14036.6
12/27/2017,2.71E+11,16163.5
12/28/2017,2.66E+11,15864.1
12/29/2017,2.46E+11,14695.8
12/30/2017,2.46E+11,14681.9
12/31/2017,2.16E+11,12897.7
1/1/2018,2.37E+11,14112.2
1/2/2018,2.29E+11,13625
1/3/2018,2.51E+11,14978.2
1/4/2018,2.56E+11,15270.7
1/5/2018,2.60E+11,15477.2
1/6/2018,2.93E+11,17462.1
1/7/2018,2.94E+11,17527.3
1/8/2018,2.77E+11,16476.2
1/9/2018,2.54E+11,15123.7
1/10/2018,2.45E+11,14588.5
1/11/2018,2.51E+11,14968.2
1/12/2018,2.26E+11,13453.9
1/13/2018,2.34E+11,13952.4
1/14/2018,2.41E+11,14370.8
1/15/2018,2.31E+11,13767.3
1/16/2018,2.33E+11,13836.1
1/17/2018,1.92E+11,11431.1
1/18/2018,1.88E+11,11198.8
1/19/2018,1.92E+11,11429.8
1/20/2018,1.96E+11,11656.2
1/21/2018,2.17E+11,12889.2
1/22/2018,1.96E+11,11633.1
1/23/2018,1.84E+11,10944.5
1/24/2018,1.83E+11,10903.4
1/25/2018,1.92E+11,11421.7
1/26/2018,1.89E+11,11256
1/27/2018,1.88E+11,11174.9
1/28/2018,1.93E+11,11475.3
1/29/2018,1.98E+11,11755.5
1/30/2018,1.90E+11,11306.8
1/31/2018,1.70E+11,10108.2
2/1/2018,1.72E+11,10237.3
2/2/2018,1.54E+11,9142.28
2/3/2018,1.49E+11,8852.12
2/4/2018,1.55E+11,9175.7
2/5/2018,1.39E+11,8270.54
2/6/2018,1.19E+11,7051.75
2/7/2018,1.31E+11,7755.49
2/8/2018,1.29E+11,7637.86
2/9/2018,1.39E+11,8271.84
2/10/2018,1.47E+11,8720.08
2/11/2018,1.45E+11,8616.13
2/12/2018,1.37E+11,8141.43
2/13/2018,1.51E+11,8926.72
2/14/2018,1.45E+11,8599.92
2/15/2018,1.60E+11,9488.32
2/16/2018,1.71E+11,10135.7
2/17/2018,1.72E+11,10207.5
2/18/2018,1.88E+11,11123.4
2/19/2018,1.78E+11,10552.6
2/20/2018,1.90E+11,11231.8
2/21/2018,1.92E+11,11372.2
2/22/2018,1.80E+11,10660.4
2/23/2018,1.68E+11,9937.07
2/24/2018,1.74E+11,10287.7
2/25/2018,1.65E+11,9796.42
2/26/2018,1.63E+11,9669.43
2/27/2018,1.76E+11,10393.9
2/28/2018,1.81E+11,10687.2
3/1/2018,1.75E+11,10385
3/2/2018,1.85E+11,10977.4
3/3/2018,1.88E+11,11101.9
3/4/2018,1.94E+11,11497.4
3/5/2018,1.95E+11,11532.4
3/6/2018,1.94E+11,11500.1
3/7/2018,1.83E+11,10803.9
3/8/2018,1.68E+11,9951.44
3/9/2018,1.59E+11,9414.69
3/10/2018,1.58E+11,9350.59
3/11/2018,1.50E+11,8852.78
3/12/2018,1.62E+11,9602.93
3/13/2018,1.55E+11,9173.04
3/14/2018,1.56E+11,9214.65
3/15/2018,1.40E+11,8290.76
3/16/2018,1.41E+11,8322.91
3/17/2018,1.41E+11,8321.91
3/18/2018,1.34E+11,7890.52
3/19/2018,1.41E+11,8344.12
3/20/2018,1.46E+11,8619.67
3/21/2018,1.51E+11,8937.48
3/22/2018,1.51E+11,8939.44
3/23/2018,1.48E+11,8736.25
3/24/2018,1.51E+11,8901.95
3/25/2018,1.46E+11,8612.81
3/26/2018,1.44E+11,8498.47
3/27/2018,1.39E+11,8200
3/28/2018,1.33E+11,7836.83
3/29/2018,1.35E+11,7979.07
3/30/2018,1.22E+11,7171.45
3/31/2018,1.17E+11,6892.48
4/1/2018,1.19E+11,7003.06
4/2/2018,1.16E+11,6844.86
4/3/2018,1.20E+11,7102.26
4/4/2018,1.26E+11,7456.41
4/5/2018,1.16E+11,6848.65
4/6/2018,1.16E+11,6815.96
4/7/2018,1.12E+11,6630.51
4/8/2018,1.17E+11,6919.98
4/9/2018,1.20E+11,7044.32
4/10/2018,1.15E+11,6795.44
4/11/2018,1.16E+11,6843.47
4/12/2018,1.18E+11,6955.38
4/13/2018,1.34E+11,7901.09
4/14/2018,1.34E+11,7874.67
4/15/2018,1.36E+11,7999.33
4/16/2018,1.42E+11,8337.57
4/17/2018,1.37E+11,8071.66
4/18/2018,1.35E+11,7944.43
4/19/2018,1.39E+11,8159.27
4/20/2018,1.41E+11,8286.88
4/21/2018,1.50E+11,8848.79
4/22/2018,1.52E+11,8925.06
4/23/2018,1.49E+11,8794.39
4/24/2018,1.52E+11,8934.34
4/25/2018,1.65E+11,9701.03
4/26/2018,1.51E+11,8867.32
4/27/2018,1.58E+11,9290.63
4/28/2018,1.52E+11,8939.27
4/29/2018,1.59E+11,9346.41
4/30/2018,1.60E+11,9426.11
5/1/2018,1.57E+11,9251.47
5/2/2018,1.55E+11,9104.6
5/3/2018,1.57E+11,9233.97
5/4/2018,1.65E+11,9695.5
5/5/2018,1.65E+11,9700.28
5/6/2018,1.68E+11,9845.31
5/7/2018,1.64E+11,9645.67
5/8/2018,1.60E+11,9380.87
5/9/2018,1.57E+11,9223.73
5/10/2018,1.59E+11,9325.96
5/11/2018,1.54E+11,9052.96
5/12/2018,1.44E+11,8441.44
5/13/2018,1.45E+11,8515.49
5/14/2018,1.48E+11,8713.1
5/15/2018,1.48E+11,8705.19
5/16/2018,1.45E+11,8504.41
5/17/2018,1.43E+11,8370.05
5/18/2018,1.38E+11,8091.83
5/19/2018,1.41E+11,8255.73
5/20/2018,1.41E+11,8246.99
5/21/2018,1.45E+11,8522.33
5/22/2018,1.44E+11,8419.87
5/23/2018,1.37E+11,8037.08
5/24/2018,1.29E+11,7561.12
