date,price
7/1/2010,0.09
8/1/2010,0.06
9/1/2010,0.06
10/1/2010,0.06
11/1/2010,0.20
12/1/2010,0.23
1/1/2011,0.30
2/1/2011,0.70
3/1/2011,0.92
4/1/2011,0.77
5/1/2011,3.03
6/1/2011,9.57
7/1/2011,15.40
8/1/2011,13.09
9/1/2011,8.21
10/1/2011,5.03
11/1/2011,3.15
12/1/2011,3.06
1/1/2012,5.27
2/1/2012,6.08
3/1/2012,4.92
4/1/2012,4.83
5/1/2012,0.17
6/1/2012,5.27
7/1/2012,6.63
8/1/2012,9.55
9/1/2012,9.97
10/1/2012,12.40
11/1/2012,10.57
12/1/2012,12.56
1/1/2013,13.30
2/1/2013,20.50
3/1/2013,34.50
4/1/2013,104
4/28/2013,135.3
4/29/2013,134.44
4/30/2013,144
5/1/2013,139
5/2/2013,116.38
5/3/2013,106.25
5/4/2013,98.1
5/5/2013,112.9
5/6/2013,115.98
5/7/2013,112.25
5/8/2013,109.6
5/9/2013,113.2
5/10/2013,112.8
5/11/2013,117.7
5/12/2013,115.64
5/13/2013,114.82
5/14/2013,117.98
5/15/2013,111.4
5/16/2013,114.22
5/17/2013,118.21
5/18/2013,123.5
5/19/2013,123.21
5/20/2013,122.5
5/21/2013,122.02
5/22/2013,122.89
5/23/2013,123.8
5/24/2013,126.3
5/25/2013,133.1
5/26/2013,131.99
5/27/2013,133.5
5/28/2013,129.77
5/29/2013,129
5/30/2013,132.25
5/31/2013,128.8
6/1/2013,128.81
6/2/2013,129.3
6/3/2013,122.5
6/4/2013,120.74
6/5/2013,121.4
6/6/2013,121.9
6/7/2013,118.97
6/8/2013,111
6/9/2013,107.89
6/10/2013,100.44
6/11/2013,106.35
6/12/2013,109
6/13/2013,108.78
6/14/2013,103.95
6/15/2013,100
6/16/2013,99.8
6/17/2013,99.9
6/18/2013,101.95
6/19/2013,107.05
6/20/2013,108.25
6/21/2013,111.29
6/22/2013,109.5
6/23/2013,108.2
6/24/2013,107.9
6/25/2013,102.09
6/26/2013,103.33
6/27/2013,104
6/28/2013,101.74
6/29/2013,94.66
6/30/2013,95
7/1/2013,97.51
7/2/2013,88.05
7/3/2013,90.41
7/4/2013,78.89
7/5/2013,79.99
7/6/2013,68.5
7/7/2013,68.75
7/8/2013,76.5
7/9/2013,76
7/10/2013,76.72
7/11/2013,88
7/12/2013,88.98
7/13/2013,93.99
7/14/2013,98.7
7/15/2013,93.61
7/16/2013,98.89
7/17/2013,96.71
7/18/2013,98.5
7/19/2013,90.07
7/20/2013,92
7/21/2013,89.82
7/22/2013,92
7/23/2013,91.6
7/24/2013,95.56
7/25/2013,94.5
7/26/2013,96.95
7/27/2013,96.02
7/28/2013,94.4
7/29/2013,98.6
7/30/2013,101.49
7/31/2013,107.95
8/1/2013,106.21
8/2/2013,104.86
8/3/2013,104.5
8/4/2013,104.95
8/5/2013,105.12
8/6/2013,106.72
8/7/2013,106.75
8/8/2013,106.75
8/9/2013,103.07
8/10/2013,102.8
8/11/2013,103
8/12/2013,105
8/13/2013,106.99
8/14/2013,109.56
8/15/2013,112.56
8/16/2013,110
8/17/2013,108.99
8/18/2013,112.75
8/19/2013,113.38
8/20/2013,119
8/21/2013,121.21
8/22/2013,123.3
8/23/2013,122
8/24/2013,118.51
8/25/2013,119.6
8/26/2013,122.11
8/27/2013,120.07
8/28/2013,126.48
8/29/2013,122.62
8/30/2013,122.35
8/31/2013,133.09
9/1/2013,135.14
9/2/2013,138.63
9/3/2013,135.61
9/4/2013,136.53
9/5/2013,126.76
9/6/2013,126.49
9/7/2013,118.89
9/8/2013,124.13
9/9/2013,121.86
9/10/2013,127.27
9/11/2013,125.89
9/12/2013,135.55
9/13/2013,132.83
9/14/2013,135.01
9/15/2013,129.4
9/16/2013,130.86
9/17/2013,131.59
9/18/2013,131.71
9/19/2013,131.37
9/20/2013,129.7
9/21/2013,126.95
9/22/2013,127.87
9/23/2013,128.98
9/24/2013,126.05
9/25/2013,127.38
9/26/2013,128.21
9/27/2013,128.94
9/28/2013,133.77
9/29/2013,134.9
9/30/2013,137.15
10/1/2013,132.68
10/2/2013,132.05
10/3/2013,114.45
10/4/2013,123.41
10/5/2013,128.63
10/6/2013,128.36
10/7/2013,129.43
10/8/2013,126.74
10/9/2013,125.85
10/10/2013,130.67
10/11/2013,130.75
10/12/2013,130.9
10/13/2013,135.19
10/14/2013,139.27
10/15/2013,140.77
10/16/2013,145.65
10/17/2013,142.41
10/18/2013,146.37
10/19/2013,155.91
10/20/2013,171.66
10/21/2013,174.8
10/22/2013,182.65
10/23/2013,193.36
10/24/2013,214.3
10/25/2013,197.69
10/26/2013,187.45
10/27/2013,176.6
10/28/2013,196.21
10/29/2013,198.55
10/30/2013,204.39
10/31/2013,199.83
11/1/2013,203.9
11/2/2013,205.81
11/3/2013,205.99
11/4/2013,214.66
11/5/2013,229.21
11/6/2013,244.78
11/7/2013,261.68
11/8/2013,297.85
11/9/2013,338.58
11/10/2013,348.82
11/11/2013,325.41
11/12/2013,343.06
11/13/2013,360.97
11/14/2013,406.41
11/15/2013,419.41
11/16/2013,417.28
11/17/2013,440.96
11/18/2013,496.58
11/19/2013,712.76
11/20/2013,577.98
11/21/2013,594.32
11/22/2013,724.07
11/23/2013,771.7
11/24/2013,795.63
11/25/2013,773.02
11/26/2013,805.73
11/27/2013,923.85
11/28/2013,1003.38
11/29/2013,1042.01
11/30/2013,1129.37
12/1/2013,1128.92
12/2/2013,951.42
12/3/2013,1046.4
12/4/2013,1077.58
12/5/2013,1152.73
12/6/2013,1042.38
12/7/2013,835.32
12/8/2013,697.31
12/9/2013,793.8
12/10/2013,892.32
12/11/2013,989.07
12/12/2013,882.78
12/13/2013,874.98
12/14/2013,899.85
12/15/2013,875.29
12/16/2013,880.33
12/17/2013,706.37
12/18/2013,678.2
12/19/2013,519.06
12/20/2013,694.22
12/21/2013,619.9
12/22/2013,601.78
12/23/2013,613.06
12/24/2013,672.36
12/25/2013,666.31
12/26/2013,683.94
12/27/2013,763.28
12/28/2013,737.98
12/29/2013,728.05
12/30/2013,741.35
12/31/2013,760.32
1/1/2014,754.97
1/2/2014,773.44
1/3/2014,802.85
1/4/2014,823.27
1/5/2014,858.55
1/6/2014,936.05
1/7/2014,946.49
1/8/2014,795.99
1/9/2014,841.47
1/10/2014,846.69
1/11/2014,867.32
1/12/2014,919.6
1/13/2014,860.19
1/14/2014,843.17
1/15/2014,833.12
1/16/2014,860.29
1/17/2014,834.49
1/18/2014,816.07
1/19/2014,839.66
1/20/2014,871.39
1/21/2014,869.65
1/22/2014,867.21
1/23/2014,845.46
1/24/2014,822.43
1/25/2014,796.24
1/26/2014,853.68
1/27/2014,884.6
1/28/2014,774.02
1/29/2014,809.96
1/30/2014,826.02
1/31/2014,818.43
2/1/2014,828.61
2/2/2014,832.9
2/3/2014,824.08
2/4/2014,823.77
2/5/2014,829.96
2/6/2014,815.59
2/7/2014,783.2
2/8/2014,699.57
2/9/2014,671.46
2/10/2014,681.32
2/11/2014,683.5
2/12/2014,672.38
2/13/2014,651.08
2/14/2014,601.17
2/15/2014,660.9
2/16/2014,651.3
2/17/2014,614.23
2/18/2014,627.16
2/19/2014,625.97
2/20/2014,623.09
2/21/2014,556.88
2/22/2014,574.24
2/23/2014,606.47
2/24/2014,606.04
2/25/2014,540.24
2/26/2014,537.04
2/27/2014,581.65
2/28/2014,579.7
3/1/2014,549.92
3/2/2014,567.23
3/3/2014,562.56
3/4/2014,668.24
3/5/2014,666.24
3/6/2014,664.52
3/7/2014,664.31
3/8/2014,629.66
3/9/2014,616.31
3/10/2014,636.33
3/11/2014,627.95
3/12/2014,631.91
3/13/2014,633.62
3/14/2014,638.14
3/15/2014,629.37
3/16/2014,636.5
3/17/2014,630.92
3/18/2014,621.84
3/19/2014,613.9
3/20/2014,609.75
3/21/2014,588.29
3/22/2014,571.18
3/23/2014,565.76
3/24/2014,562.51
3/25/2014,585.03
3/26/2014,583.48
3/27/2014,580.26
3/28/2014,477.14
3/29/2014,501.71
3/30/2014,492.37
3/31/2014,462.3
4/1/2014,457
4/2/2014,479.14
4/3/2014,436.44
4/4/2014,445.66
4/5/2014,446.68
4/6/2014,463.4
4/7/2014,461.47
4/8/2014,447.61
4/9/2014,453.18
4/10/2014,442.26
4/11/2014,363.71
4/12/2014,420.89
4/13/2014,421.46
4/14/2014,414.83
4/15/2014,458.37
4/16/2014,522.18
4/17/2014,529.07
4/18/2014,495.8
4/19/2014,479.58
4/20/2014,501.75
4/21/2014,497.74
4/22/2014,495.45
4/23/2014,488.36
4/24/2014,490.82
4/25/2014,500.09
4/26/2014,461.7
4/27/2014,457.24
4/28/2014,430.72
4/29/2014,439.98
4/30/2014,446.89
5/1/2014,447.63
5/2/2014,457.36
5/3/2014,449.4
5/4/2014,438.52
5/5/2014,434.78
5/6/2014,433.36
5/7/2014,429.34
5/8/2014,438.68
5/9/2014,440.18
5/10/2014,450.46
5/11/2014,453.92
5/12/2014,438.3
5/13/2014,441.53
5/14/2014,440.59
5/15/2014,444.14
5/16/2014,447.39
5/17/2014,448.12
5/18/2014,448.7
5/19/2014,446.08
5/20/2014,446.31
5/21/2014,485.8
5/22/2014,492.05
5/23/2014,525.72
5/24/2014,521.05
5/25/2014,525.23
5/26/2014,571.39
5/27/2014,582.59
5/28/2014,571.91
5/29/2014,576.33
5/30/2014,568.18
5/31/2014,615.69
6/1/2014,623.69
6/2/2014,629.64
6/3/2014,660.55
6/4/2014,666.77
6/5/2014,641.07
6/6/2014,659.28
6/7/2014,653.52
6/8/2014,654.99
6/9/2014,655.64
6/10/2014,650.04
6/11/2014,653.19
6/12/2014,633.43
6/13/2014,585.7
6/14/2014,600.75
6/15/2014,575.93
6/16/2014,592.65
6/17/2014,591.59
6/18/2014,609.77
6/19/2014,608.07
6/20/2014,597.4
6/21/2014,593.68
6/22/2014,595.9
6/23/2014,602.16
6/24/2014,593.97
6/25/2014,581.81
6/26/2014,566.14
6/27/2014,581.3
6/28/2014,599.08
6/29/2014,596.33
6/30/2014,602.62
7/1/2014,641.39
7/2/2014,641.04
7/3/2014,650.77
7/4/2014,644.65
7/5/2014,629.95
7/6/2014,631.77
7/7/2014,635.46
7/8/2014,622.57
7/9/2014,625.22
7/10/2014,624.83
7/11/2014,616.66
7/12/2014,631.88
7/13/2014,634.22
7/14/2014,626.56
7/15/2014,620
7/16/2014,622.01
7/17/2014,616.54
7/18/2014,622.37
7/19/2014,629.17
7/20/2014,628.56
7/21/2014,623.95
7/22/2014,622.27
7/23/2014,621.12
7/24/2014,619.5
7/25/2014,601.51
7/26/2014,601.54
7/27/2014,595.67
7/28/2014,594.14
7/29/2014,585.55
7/30/2014,584.74
7/31/2014,567.37
8/1/2014,586.2
8/2/2014,594.9
8/3/2014,588.89
8/4/2014,586.23
8/5/2014,589.01
8/6/2014,585.95
8/7/2014,584.65
8/8/2014,588.88
8/9/2014,592.47
8/10/2014,589.17
8/11/2014,591.28
8/12/2014,576.51
8/13/2014,570.38
8/14/2014,546.18
8/15/2014,511.14
8/16/2014,497.83
8/17/2014,519.14
8/18/2014,491.51
8/19/2014,461.48
8/20/2014,485.07
8/21/2014,510.45
8/22/2014,517.58
8/23/2014,513.39
8/24/2014,498.29
8/25/2014,508.22
8/26/2014,502.54
8/27/2014,512.19
8/28/2014,510.88
8/29/2014,508.43
8/30/2014,508.59
8/31/2014,502.9
9/1/2014,477.79
9/2/2014,474.48
9/3/2014,476.87
9/4/2014,477.68
9/5/2014,489.67
9/6/2014,483.34
9/7/2014,485.13
9/8/2014,481.81
9/9/2014,474.88
9/10/2014,475.48
9/11/2014,479.62
9/12/2014,479.58
9/13/2014,477.79
9/14/2014,479.12
9/15/2014,477.76
9/16/2014,474.86
9/17/2014,465.86
9/18/2014,456.86
9/19/2014,424.1
9/20/2014,394.67
9/21/2014,408.08
9/22/2014,399.1
9/23/2014,402.09
9/24/2014,435.75
9/25/2014,423.16
9/26/2014,411.43
9/27/2014,403.56
9/28/2014,399.47
9/29/2014,376.93
9/30/2014,376.09
10/1/2014,387.43
10/2/2014,383.99
10/3/2014,375.18
10/4/2014,359.89
10/5/2014,328.92
10/6/2014,320.39
10/7/2014,330.58
10/8/2014,336.12
10/9/2014,352.75
10/10/2014,364.69
10/11/2014,361.36
10/12/2014,362.61
10/13/2014,377.92
10/14/2014,391.69
10/15/2014,400.95
10/16/2014,394.52
10/17/2014,382.76
10/18/2014,383.98
10/19/2014,391.25
10/20/2014,389.23
10/21/2014,382.42
10/22/2014,386.12
10/23/2014,382.96
10/24/2014,358.59
10/25/2014,358.61
10/26/2014,347.49
10/27/2014,354.78
10/28/2014,353.21
10/29/2014,357.09
10/30/2014,335.71
10/31/2014,345.01
11/1/2014,338.65
11/2/2014,326.07
11/3/2014,325.57
11/4/2014,327.16
11/5/2014,330.68
11/6/2014,339.46
11/7/2014,349.82
11/8/2014,342.15
11/9/2014,345.38
11/10/2014,362.26
11/11/2014,365.86
11/12/2014,367.99
11/13/2014,427.27
11/14/2014,418.42
11/15/2014,399.65
11/16/2014,374.73
11/17/2014,388.35
11/18/2014,387.79
11/19/2014,373.9
11/20/2014,380.31
11/21/2014,357.88
11/22/2014,351.6
11/23/2014,353.18
11/24/2014,366.95
11/25/2014,376.89
11/26/2014,376.02
11/27/2014,370.5
11/28/2014,369.37
11/29/2014,376.15
11/30/2014,375.51
12/1/2014,378.25
12/2/2014,379.25
12/3/2014,381.72
12/4/2014,375.72
12/5/2014,369.44
12/6/2014,376.76
12/7/2014,374.84
12/8/2014,374.96
12/9/2014,361.89
12/10/2014,352.2
12/11/2014,344.34
12/12/2014,350.83
12/13/2014,352.38
12/14/2014,346.73
12/15/2014,351.36
12/16/2014,345.67
12/17/2014,326.86
12/18/2014,319.79
12/19/2014,311.18
12/20/2014,317.62
12/21/2014,329.54
12/22/2014,321.07
12/23/2014,332.02
12/24/2014,334.38
12/25/2014,322.29
12/26/2014,319.15
12/27/2014,327.58
12/28/2014,316.16
12/29/2014,317.7
12/30/2014,312.72
12/31/2014,310.91
1/1/2015,320.44
1/2/2015,314.08
1/3/2015,314.85
1/4/2015,281.15
1/5/2015,265.08
1/6/2015,274.61
1/7/2015,286.08
1/8/2015,294.13
1/9/2015,282.38
1/10/2015,287.3
1/11/2015,274.61
1/12/2015,266.15
1/13/2015,267.39
1/14/2015,223.89
1/15/2015,176.9
1/16/2015,209.07
1/17/2015,207.83
1/18/2015,200.05
1/19/2015,211.47
1/20/2015,212.91
1/21/2015,211.38
1/22/2015,227.32
1/23/2015,233.52
1/24/2015,232.7
1/25/2015,247.35
1/26/2015,254.08
1/27/2015,273.17
1/28/2015,263.35
1/29/2015,233.35
1/30/2015,232.77
1/31/2015,226.44
2/1/2015,216.87
2/2/2015,226.49
2/3/2015,237.45
2/4/2015,227.51
2/5/2015,227.66
2/6/2015,216.92
2/7/2015,222.63
2/8/2015,227.69
2/9/2015,223.39
2/10/2015,220.28
2/11/2015,219.73
2/12/2015,219.21
2/13/2015,221.97
2/14/2015,235.53
2/15/2015,257.51
2/16/2015,234.82
2/17/2015,233.42
2/18/2015,243.78
2/19/2015,236.41
2/20/2015,240.25
2/21/2015,243.75
2/22/2015,244.54
2/23/2015,236
2/24/2015,239
2/25/2015,238.89
2/26/2015,237.34
2/27/2015,236.44
2/28/2015,253.52
3/1/2015,254.28
3/2/2015,260.36
3/3/2015,275.05
3/4/2015,281.99
3/5/2015,272.74
3/6/2015,275.6
3/7/2015,272.29
3/8/2015,276.43
3/9/2015,274.81
3/10/2015,289.86
3/11/2015,291.52
3/12/2015,296.13
3/13/2015,294.12
3/14/2015,284.44
3/15/2015,281.43
3/16/2015,285.69
3/17/2015,290.6
3/18/2015,285.07
3/19/2015,255.88
3/20/2015,260.96
3/21/2015,261.64
3/22/2015,259.92
3/23/2015,267.89
3/24/2015,266.58
3/25/2015,247.47
3/26/2015,246.28
3/27/2015,248.57
3/28/2015,246.97
3/29/2015,252.74
3/30/2015,242.88
3/31/2015,247.45
4/1/2015,244.22
4/2/2015,247.09
4/3/2015,253.07
4/4/2015,254.29
4/5/2015,253.76
4/6/2015,260.72
4/7/2015,255.27
4/8/2015,253.06
4/9/2015,244.75
4/10/2015,243.69
4/11/2015,236.02
4/12/2015,236.53
4/13/2015,235.95
4/14/2015,224.76
4/15/2015,219.07
4/16/2015,223.92
4/17/2015,228.57
4/18/2015,222.85
4/19/2015,223.46
4/20/2015,222.61
4/21/2015,224.62
4/22/2015,235.6
4/23/2015,234.05
4/24/2015,235.97
4/25/2015,231.24
4/26/2015,226.41
4/27/2015,219.43
4/28/2015,228.97
4/29/2015,225.59
4/30/2015,225.69
5/1/2015,235.94
5/2/2015,232.34
5/3/2015,234.88
5/4/2015,240.36
5/5/2015,238.85
5/6/2015,236.25
5/7/2015,229.66
5/8/2015,237.2
5/9/2015,243.77
5/10/2015,241.73
5/11/2015,240.3
5/12/2015,242.15
5/13/2015,241.4
5/14/2015,236.21
5/15/2015,236.96
5/16/2015,237.64
5/17/2015,236.01
5/18/2015,236.89
5/19/2015,233.04
5/20/2015,231.89
5/21/2015,234.02
5/22/2015,235.32
5/23/2015,240.29
5/24/2015,238.98
5/25/2015,240.93
5/26/2015,237.1
5/27/2015,237.06
5/28/2015,237.26
5/29/2015,237.38
5/30/2015,237.09
5/31/2015,233.13
6/1/2015,230.23
6/2/2015,222.89
6/3/2015,225.74
6/4/2015,225.77
6/5/2015,224.15
6/6/2015,225
6/7/2015,225.6
6/8/2015,222.88
6/9/2015,228.54
6/10/2015,229
6/11/2015,228.85
6/12/2015,229.71
6/13/2015,229.92
6/14/2015,232.44
6/15/2015,233.42
6/16/2015,236.76
6/17/2015,250.82
6/18/2015,249.43
6/19/2015,249.04
6/20/2015,244.53
6/21/2015,245.1
6/22/2015,243.97
6/23/2015,246.93
6/24/2015,244.28
6/25/2015,240.37
6/26/2015,242.6
6/27/2015,243.55
6/28/2015,250.96
6/29/2015,248.72
6/30/2015,257.04
7/1/2015,263.35
7/2/2015,258.55
7/3/2015,255.46
7/4/2015,256.49
7/5/2015,260.81
7/6/2015,271.11
7/7/2015,269.96
7/8/2015,265.98
7/9/2015,270.83
7/10/2015,269.16
7/11/2015,284.88
7/12/2015,293.14
7/13/2015,310.83
7/14/2015,292.03
7/15/2015,288.05
7/16/2015,286.04
7/17/2015,278.09
7/18/2015,279.33
7/19/2015,274.77
7/20/2015,273.5
7/21/2015,278.88
7/22/2015,275.66
7/23/2015,277.34
7/24/2015,276
7/25/2015,288.16
7/26/2015,288.64
7/27/2015,292.64
7/28/2015,293.63
7/29/2015,294.48
7/30/2015,289.1
7/31/2015,287.7
8/1/2015,284.69
8/2/2015,280.45
8/3/2015,282.81
8/4/2015,281.23
8/5/2015,284.85
8/6/2015,281.91
8/7/2015,278.74
8/8/2015,279.74
8/9/2015,261.12
8/10/2015,265.48
8/11/2015,264.34
8/12/2015,270.6
8/13/2015,266.18
8/14/2015,264.13
8/15/2015,265.53
8/16/2015,261.87
8/17/2015,258.49
8/18/2015,257.93
8/19/2015,225.67
8/20/2015,226.9
8/21/2015,235.35
8/22/2015,232.66
8/23/2015,230.38
8/24/2015,228.11
8/25/2015,210.07
8/26/2015,222.08
8/27/2015,226.05
8/28/2015,224.7
8/29/2015,231.55
8/30/2015,229.9
8/31/2015,229.11
9/1/2015,230.26
9/2/2015,228.03
9/3/2015,229.32
9/4/2015,227.22
9/5/2015,230.2
9/6/2015,234.87
9/7/2015,239.93
9/8/2015,239.85
9/9/2015,243.41
9/10/2015,238.34
9/11/2015,238.33
9/12/2015,239.85
9/13/2015,235.24
9/14/2015,230.61
9/15/2015,230.49
9/16/2015,230.25
9/17/2015,229.08
9/18/2015,233.52
9/19/2015,232.86
9/20/2015,231.4
9/21/2015,231.22
9/22/2015,226.97
9/23/2015,230.94
9/24/2015,230.36
9/25/2015,234.36
9/26/2015,235.08
9/27/2015,234.14
9/28/2015,232.84
9/29/2015,239.02
9/30/2015,236.64
10/1/2015,236
10/2/2015,237.26
10/3/2015,237.2
10/4/2015,238.53
10/5/2015,238.15
10/6/2015,240.36
10/7/2015,246.17
10/8/2015,243.07
10/9/2015,242.5
10/10/2015,243.74
10/11/2015,244.74
10/12/2015,246.88
10/13/2015,245.2
10/14/2015,249.49
10/15/2015,252.11
10/16/2015,254.3
10/17/2015,262.75
10/18/2015,270.91
10/19/2015,261.86
10/20/2015,263.57
10/21/2015,269.31
10/22/2015,266.5
10/23/2015,273.65
10/24/2015,276.5
10/25/2015,281.44
10/26/2015,283.63
10/27/2015,285.18
10/28/2015,293.7
10/29/2015,304.32
10/30/2015,313.94
10/31/2015,328.51
11/1/2015,315
11/2/2015,325.94
11/3/2015,361.87
11/4/2015,403.66
11/5/2015,408.08
11/6/2015,388.05
11/7/2015,374.27
11/8/2015,384.28
11/9/2015,374.32
11/10/2015,379.98
11/11/2015,339.82
11/12/2015,314.08
11/13/2015,338.5
11/14/2015,336.62
11/15/2015,333.05
11/16/2015,319.74
11/17/2015,330.36
11/18/2015,334.59
11/19/2015,334.68
11/20/2015,326.41
11/21/2015,322.09
11/22/2015,326.98
11/23/2015,324.35
11/24/2015,323.01
11/25/2015,320.05
11/26/2015,328.3
11/27/2015,351.86
11/28/2015,357.14
11/29/2015,357.47
11/30/2015,371.44
12/1/2015,377.41
12/2/2015,361.85
12/3/2015,359.33
12/4/2015,361.26
12/5/2015,363.72
12/6/2015,389.56
12/7/2015,389.98
12/8/2015,395.75
12/9/2015,414.44
12/10/2015,417.99
12/11/2015,415.28
12/12/2015,452.33
12/13/2015,431.66
12/14/2015,433.27
12/15/2015,443.88
12/16/2015,465.21
12/17/2015,454.78
12/18/2015,455.85
12/19/2015,463.55
12/20/2015,462.23
12/21/2015,442.84
12/22/2015,437.44
12/23/2015,436.72
12/24/2015,443.09
12/25/2015,454.86
12/26/2015,455.76
12/27/2015,416.51
12/28/2015,423.34
12/29/2015,422.1
12/30/2015,433.3
12/31/2015,425.88
1/1/2016,430.72
1/2/2016,434.62
1/3/2016,433.58
1/4/2016,430.06
1/5/2016,433.07
1/6/2016,431.86
1/7/2016,430.01
1/8/2016,457.54
1/9/2016,453.38
1/10/2016,448.24
1/11/2016,448.7
1/12/2016,448.18
1/13/2016,434.67
1/14/2016,432.29
1/15/2016,430.25
1/16/2016,365.07
1/17/2016,387.15
1/18/2016,381.73
1/19/2016,387.03
1/20/2016,379.74
1/21/2016,419.63
1/22/2016,409.75
1/23/2016,382.43
1/24/2016,388.1
1/25/2016,402.32
1/26/2016,392
1/27/2016,392.44
1/28/2016,395.15
1/29/2016,380.11
1/30/2016,378.87
1/31/2016,378.29
2/1/2016,369.35
2/2/2016,372.92
2/3/2016,374.65
2/4/2016,370.17
2/5/2016,388.9
2/6/2016,386.59
2/7/2016,376.51
2/8/2016,376.76
2/9/2016,373.42
2/10/2016,376.15
2/11/2016,382.11
2/12/2016,379.69
2/13/2016,384.64
2/14/2016,392.93
2/15/2016,407.57
2/16/2016,401.43
2/17/2016,407.66
2/18/2016,416.57
2/19/2016,422.73
2/20/2016,421.6
2/21/2016,437.77
2/22/2016,438.99
2/23/2016,438.25
2/24/2016,420.96
2/25/2016,425.04
2/26/2016,424.63
2/27/2016,432.84
2/28/2016,432.57
2/29/2016,433.44
3/1/2016,437.92
3/2/2016,435.13
3/3/2016,423.91
3/4/2016,421.84
3/5/2016,410.78
3/6/2016,400.52
3/7/2016,407.76
3/8/2016,414.46
3/9/2016,413.89
3/10/2016,414.74
3/11/2016,417.24
3/12/2016,421.61
3/13/2016,411.65
3/14/2016,414.2
3/15/2016,416.39
3/16/2016,416.89
3/17/2016,417.89
3/18/2016,420.55
3/19/2016,409.26
3/20/2016,410.4
3/21/2016,413.42
3/22/2016,413.13
3/23/2016,418.16
3/24/2016,418.42
3/25/2016,416.51
3/26/2016,417.37
3/27/2016,418.14
3/28/2016,426.55
3/29/2016,424.3
3/30/2016,416.83
3/31/2016,415.26
4/1/2016,416.76
4/2/2016,418.42
4/3/2016,421.17
4/4/2016,421.3
4/5/2016,421.02
4/6/2016,424.28
4/7/2016,423.62
4/8/2016,422.91
4/9/2016,420.81
4/10/2016,419.59
4/11/2016,421.87
4/12/2016,422.84
4/13/2016,425.63
4/14/2016,423.94
4/15/2016,424.43
4/16/2016,429.57
4/17/2016,430.64
4/18/2016,427.61
4/19/2016,428.7
4/20/2016,435.32
4/21/2016,441.42
4/22/2016,449.69
4/23/2016,445.86
4/24/2016,450.56
4/25/2016,459.12
4/26/2016,461.65
4/27/2016,466.26
4/28/2016,445.04
4/29/2016,449.41
4/30/2016,455.18
5/1/2016,448.48
5/2/2016,451.93
5/3/2016,444.73
5/4/2016,450.18
5/5/2016,446.71
5/6/2016,447.94
5/7/2016,459.64
5/8/2016,458.43
5/9/2016,458.21
5/10/2016,460.52
5/11/2016,450.86
5/12/2016,452.45
5/13/2016,454.85
5/14/2016,455.82
5/15/2016,455.76
5/16/2016,457.59
5/17/2016,454.01
5/18/2016,453.69
5/19/2016,454.52
5/20/2016,437.79
5/21/2016,442.97
5/22/2016,443.22
5/23/2016,439.35
5/24/2016,444.29
5/25/2016,446.06
5/26/2016,449.67
5/27/2016,453.52
5/28/2016,473.03
5/29/2016,527.48
5/30/2016,528.47
5/31/2016,534.19
6/1/2016,531.11
6/2/2016,536.51
6/3/2016,537.68
6/4/2016,569.71
6/5/2016,573.31
6/6/2016,574.6
6/7/2016,585.45
6/8/2016,577.17
6/9/2016,582.2
6/10/2016,575.84
6/11/2016,578.67
6/12/2016,609.68
6/13/2016,671.65
6/14/2016,704.5
6/15/2016,685.68
6/16/2016,696.52
6/17/2016,768.49
6/18/2016,748.76
6/19/2016,756.69
6/20/2016,763.93
6/21/2016,735.88
6/22/2016,665.91
6/23/2016,597.44
6/24/2016,625.58
6/25/2016,665.28
6/26/2016,665.93
6/27/2016,629.35
6/28/2016,658.1
6/29/2016,644.12
6/30/2016,640.59
7/1/2016,672.51
7/2/2016,676.73
7/3/2016,704.97
7/4/2016,658.8
7/5/2016,683.21
7/6/2016,670.42
7/7/2016,678.09
7/8/2016,640.69
7/9/2016,666.38
7/10/2016,650.6
7/11/2016,648.48
7/12/2016,648.28
7/13/2016,664.8
7/14/2016,652.92
7/15/2016,659.17
7/16/2016,663.78
7/17/2016,661.99
7/18/2016,679.81
7/19/2016,672.74
7/20/2016,672.81
7/21/2016,665.23
7/22/2016,664.92
7/23/2016,650.73
7/24/2016,655.41
7/25/2016,661.26
7/26/2016,654.23
7/27/2016,651.63
7/28/2016,654.49
7/29/2016,655.11
7/30/2016,657.01
7/31/2016,655.1
8/1/2016,624.6
8/2/2016,606.4
8/3/2016,548.66
8/4/2016,566.33
8/5/2016,578.28
8/6/2016,575.03
8/7/2016,587.77
8/8/2016,592.74
8/9/2016,591.04
8/10/2016,587.65
8/11/2016,592.12
8/12/2016,588.8
8/13/2016,587.36
8/14/2016,585.59
8/15/2016,570.49
8/16/2016,567.24
8/17/2016,577.76
8/18/2016,573.71
8/19/2016,574.34
8/20/2016,576.08
8/21/2016,581.94
8/22/2016,581.31
8/23/2016,586.77
8/24/2016,583.41
8/25/2016,580.18
8/26/2016,577.75
8/27/2016,579.45
8/28/2016,569.83
8/29/2016,574.07
8/30/2016,574.11
8/31/2016,577.59
9/1/2016,575.55
9/2/2016,572.41
9/3/2016,575.55
9/4/2016,598.59
9/5/2016,608.99
9/6/2016,606.51
9/7/2016,610.57
9/8/2016,614.63
9/9/2016,626.35
9/10/2016,622.93
9/11/2016,623.42
9/12/2016,607
9/13/2016,608.02
9/14/2016,608.84
9/15/2016,610.59
9/16/2016,607.25
9/17/2016,607.22
9/18/2016,606.28
9/19/2016,609.87
9/20/2016,609.25
9/21/2016,603.59
9/22/2016,597.28
9/23/2016,596.2
9/24/2016,602.96
9/25/2016,602.75
9/26/2016,600.81
9/27/2016,608.02
9/28/2016,606.24
9/29/2016,605.02
9/30/2016,605.72
10/1/2016,609.93
10/2/2016,613.95
10/3/2016,610.97
10/4/2016,612.05
10/5/2016,610.22
10/6/2016,612.47
10/7/2016,612.61
10/8/2016,617.34
10/9/2016,619.17
10/10/2016,616.82
10/11/2016,619.24
10/12/2016,640.87
10/13/2016,636.03
10/14/2016,637.01
10/15/2016,640.31
10/16/2016,639.08
10/17/2016,641.82
10/18/2016,639.41
10/19/2016,638.13
10/20/2016,630.66
10/21/2016,630.83
10/22/2016,633.14
10/23/2016,657.62
10/24/2016,657.16
10/25/2016,654
10/26/2016,657.68
10/27/2016,678.21
10/28/2016,688
10/29/2016,690.29
10/30/2016,714.12
10/31/2016,702.64
11/1/2016,701.34
11/2/2016,730.07
11/3/2016,742.35
11/4/2016,689.12
11/5/2016,703.52
11/6/2016,703.81
11/7/2016,710.74
11/8/2016,703.09
11/9/2016,709.83
11/10/2016,722.84
11/11/2016,715.55
11/12/2016,716.75
11/13/2016,705.2
11/14/2016,702
11/15/2016,705.79
11/16/2016,711.17
11/17/2016,744.88
11/18/2016,740.71
11/19/2016,751.83
11/20/2016,751.88
11/21/2016,731.26
11/22/2016,739.64
11/23/2016,751.74
11/24/2016,744.62
11/25/2016,740.44
11/26/2016,741.51
11/27/2016,735.44
11/28/2016,732.48
11/29/2016,736.33
11/30/2016,736.28
12/1/2016,746.05
12/2/2016,757.54
12/3/2016,778.25
12/4/2016,771.64
12/5/2016,773.39
12/6/2016,758.72
12/7/2016,764.21
12/8/2016,768.08
12/9/2016,769.94
12/10/2016,773.02
12/11/2016,774.75
12/12/2016,770.04
12/13/2016,780.65
12/14/2016,780
12/15/2016,780.07
12/16/2016,778.96
12/17/2016,785.17
12/18/2016,791.01
12/19/2016,790.69
12/20/2016,792.25
12/21/2016,800.64
12/22/2016,834.18
12/23/2016,864.89
12/24/2016,922.18
12/25/2016,899.65
12/26/2016,896.9
12/27/2016,908.35
12/28/2016,934.83
12/29/2016,975.13
12/30/2016,972.53
12/31/2016,960.63
1/1/2017,963.66
1/2/2017,998.62
1/3/2017,1021.6
1/4/2017,1044.4
1/5/2017,1156.73
1/6/2017,1014.24
1/7/2017,903.49
1/8/2017,908.17
1/9/2017,913.24
1/10/2017,902.44
1/11/2017,908.12
1/12/2017,775.18
1/13/2017,803.74
1/14/2017,825.14
1/15/2017,818.14
1/16/2017,821.78
1/17/2017,830.95
1/18/2017,909.37
1/19/2017,888.34
1/20/2017,898.17
1/21/2017,895.55
1/22/2017,922.21
1/23/2017,925.5
1/24/2017,910.68
1/25/2017,891.92
1/26/2017,902.39
1/27/2017,918.36
1/28/2017,919.81
1/29/2017,922.07
1/30/2017,920.15
1/31/2017,920.96
2/1/2017,970.94
2/2/2017,990
2/3/2017,1011.46
2/4/2017,1031.33
2/5/2017,1043.52
2/6/2017,1028.4
2/7/2017,1040.14
2/8/2017,1062.32
2/9/2017,1064.7
2/10/2017,995.63
2/11/2017,988.9
2/12/2017,1003.52
2/13/2017,998.88
2/14/2017,991.74
2/15/2017,1006.21
2/16/2017,1007.65
2/17/2017,1026.12
2/18/2017,1049.21
2/19/2017,1054.76
2/20/2017,1048.69
2/21/2017,1079.28
2/22/2017,1114.8
2/23/2017,1117.27
2/24/2017,1172.71
2/25/2017,1170.41
2/26/2017,1144.27
2/27/2017,1163.78
2/28/2017,1180.72
3/1/2017,1180.04
3/2/2017,1224.68
3/3/2017,1250.71
3/4/2017,1277.43
3/5/2017,1254.29
3/6/2017,1267.47
3/7/2017,1273.21
3/8/2017,1223.23
3/9/2017,1150.35
3/10/2017,1189.36
3/11/2017,1116.32
3/12/2017,1176.62
3/13/2017,1221.78
3/14/2017,1232.16
3/15/2017,1240.16
3/16/2017,1251.33
3/17/2017,1180.16
3/18/2017,1099.69
3/19/2017,976.73
3/20/2017,1037.24
3/21/2017,1055.36
3/22/2017,1120.65
3/23/2017,1050.05
3/24/2017,1038.45
3/25/2017,936.54
3/26/2017,974.01
3/27/2017,972.05
3/28/2017,1044.58
3/29/2017,1046.08
3/30/2017,1042.21
3/31/2017,1026.64
4/1/2017,1071.71
4/2/2017,1080.61
4/3/2017,1102.95
4/4/2017,1145.52
4/5/2017,1134.14
4/6/2017,1125.81
4/7/2017,1178.94
4/8/2017,1172.65
4/9/2017,1176.57
4/10/2017,1187.3
4/11/2017,1187.46
4/12/2017,1204.81
4/13/2017,1201.02
4/14/2017,1170.33
4/15/2017,1167.3
4/16/2017,1172.61
4/17/2017,1183.25
4/18/2017,1193.77
4/19/2017,1212.13
4/20/2017,1211.08
4/21/2017,1229.42
4/22/2017,1222.71
4/23/2017,1231.92
4/24/2017,1209.63
4/25/2017,1250.45
4/26/2017,1265.99
4/27/2017,1281.88
4/28/2017,1317.74
4/29/2017,1317.84
4/30/2017,1321.87
5/1/2017,1348.3
5/2/2017,1421.03
5/3/2017,1453.78
5/4/2017,1490.72
5/5/2017,1540.87
5/6/2017,1556.81
5/7/2017,1579.47
5/8/2017,1596.92
5/9/2017,1723.89
5/10/2017,1756.52
5/11/2017,1780.37
5/12/2017,1845.76
5/13/2017,1723.12
5/14/2017,1800.86
5/15/2017,1808.44
5/16/2017,1741.7
5/17/2017,1726.73
5/18/2017,1818.7
5/19/2017,1897.37
5/20/2017,1984.24
5/21/2017,2067.03
5/22/2017,2043.19
5/23/2017,2191.56
5/24/2017,2321.37
5/25/2017,2446.24
5/26/2017,2320.89
5/27/2017,2196.27
5/28/2017,2054.08
5/29/2017,2159.43
5/30/2017,2255.36
5/31/2017,2187.19
6/1/2017,2288.33
6/2/2017,2404.03
6/3/2017,2493.72
6/4/2017,2547.79
6/5/2017,2512.4
6/6/2017,2690.84
6/7/2017,2869.38
6/8/2017,2720.49
6/9/2017,2807.44
6/10/2017,2828.14
6/11/2017,2942.41
6/12/2017,2953.22
6/13/2017,2680.91
6/14/2017,2716.88
6/15/2017,2499.58
6/16/2017,2469.57
6/17/2017,2514.01
6/18/2017,2655.35
6/19/2017,2549.03
6/20/2017,2591.26
6/21/2017,2709.43
6/22/2017,2691.03
6/23/2017,2707.34
6/24/2017,2738.52
6/25/2017,2607.25
6/26/2017,2590.57
6/27/2017,2478.45
6/28/2017,2553.03
6/29/2017,2567.56
6/30/2017,2539.24
7/1/2017,2492.6
7/2/2017,2436.4
7/3/2017,2498.56
7/4/2017,2561
7/5/2017,2602.87
7/6/2017,2608.1
7/7/2017,2608.59
7/8/2017,2520.27
7/9/2017,2572.61
7/10/2017,2525.25
7/11/2017,2385.89
7/12/2017,2332.77
7/13/2017,2402.7
7/14/2017,2360.59
7/15/2017,2230.12
7/16/2017,1991.98
7/17/2017,1932.62
7/18/2017,2233.52
7/19/2017,2323.08
7/20/2017,2269.89
7/21/2017,2838.41
7/22/2017,2668.63
7/23/2017,2808.1
7/24/2017,2732.7
7/25/2017,2757.5
7/26/2017,2577.77
7/27/2017,2538.71
7/28/2017,2679.73
7/29/2017,2807.02
7/30/2017,2724.39
7/31/2017,2763.24
8/1/2017,2871.3
8/2/2017,2727.13
8/3/2017,2709.56
8/4/2017,2806.93
8/5/2017,2897.63
8/6/2017,3257.61
8/7/2017,3212.78
8/8/2017,3370.22
8/9/2017,3420.4
8/10/2017,3341.84
8/11/2017,3373.82
8/12/2017,3650.63
8/13/2017,3880.04
8/14/2017,4066.1
8/15/2017,4326.99
8/16/2017,4200.34
8/17/2017,4384.44
8/18/2017,4324.34
8/19/2017,4137.75
8/20/2017,4189.31
8/21/2017,4090.48
8/22/2017,3998.35
8/23/2017,4089.01
8/24/2017,4137.6
8/25/2017,4332.82
8/26/2017,4372.06
8/27/2017,4345.1
8/28/2017,4384.45
8/29/2017,4389.21
8/30/2017,4570.36
8/31/2017,4555.59
9/1/2017,4701.76
9/2/2017,4901.42
9/3/2017,4585.27
9/4/2017,4591.63
9/5/2017,4228.29
9/6/2017,4376.59
9/7/2017,4589.14
9/8/2017,4605.16
9/9/2017,4229.81
9/10/2017,4229.34
9/11/2017,4122.47
9/12/2017,4168.88
9/13/2017,4131.98
9/14/2017,3875.37
9/15/2017,3166.3
9/16/2017,3637.75
9/17/2017,3606.28
9/18/2017,3591.09
9/19/2017,4073.79
9/20/2017,3916.36
9/21/2017,3901.47
9/22/2017,3628.02
9/23/2017,3629.92
9/24/2017,3796.15
9/25/2017,3681.58
9/26/2017,3928.41
9/27/2017,3892.94
9/28/2017,4197.13
9/29/2017,4171.62
9/30/2017,4166.11
10/1/2017,4341.05
10/2/2017,4395.81
10/3/2017,4408.46
10/4/2017,4319.37
10/5/2017,4229.88
10/6/2017,4324.46
10/7/2017,4369.35
10/8/2017,4429.67
10/9/2017,4614.52
10/10/2017,4776.21
10/11/2017,4789.25
10/12/2017,4829.58
10/13/2017,5464.16
10/14/2017,5643.53
10/15/2017,5835.96
10/16/2017,5687.57
10/17/2017,5741.58
10/18/2017,5603.82
10/19/2017,5583.74
10/20/2017,5708.11
10/21/2017,5996.79
10/22/2017,6036.66
10/23/2017,6006
10/24/2017,5935.52
10/25/2017,5524.6
10/26/2017,5747.95
10/27/2017,5899.74
10/28/2017,5787.82
10/29/2017,5754.44
10/30/2017,6114.85
10/31/2017,6132.02
11/1/2017,6440.97
11/2/2017,6777.77
11/3/2017,7087.53
11/4/2017,7164.48
11/5/2017,7404.52
11/6/2017,7403.22
11/7/2017,7023.1
11/8/2017,7141.38
11/9/2017,7446.83
11/10/2017,7173.73
11/11/2017,6618.61
11/12/2017,6295.45
11/13/2017,5938.25
11/14/2017,6561.48
11/15/2017,6634.76
11/16/2017,7323.24
11/17/2017,7853.57
11/18/2017,7697.21
11/19/2017,7766.03
11/20/2017,8039.07
11/21/2017,8205.74
11/22/2017,8077.95
11/23/2017,8232.38
11/24/2017,8074.02
11/25/2017,8241.71
11/26/2017,8789.04
11/27/2017,9352.72
11/28/2017,9823.43
11/29/2017,10077.4
11/30/2017,9906.79
12/1/2017,10198.6
12/2/2017,10978.3
12/3/2017,11082.7
12/4/2017,11315.4
12/5/2017,11685.7
12/6/2017,11923.4
12/7/2017,14266.1
12/8/2017,17802.9
12/9/2017,16523.3
12/10/2017,15168.4
12/11/2017,15427.4
12/12/2017,16919.8
12/13/2017,17500
12/14/2017,16384.6
12/15/2017,16601.3
12/16/2017,17760.3
12/17/2017,19475.8
12/18/2017,19106.4
12/19/2017,19118.3
12/20/2017,17760.3
12/21/2017,16642.4
12/22/2017,15898
12/23/2017,13948.7
12/24/2017,14608.2
12/25/2017,13995.9
12/26/2017,14036.6
12/27/2017,16163.5
12/28/2017,15864.1
12/29/2017,14695.8
12/30/2017,14681.9
12/31/2017,12897.7
1/1/2018,14112.2
1/2/2018,13625
1/3/2018,14978.2
1/4/2018,15270.7
1/5/2018,15477.2
1/6/2018,17462.1
1/7/2018,17527.3
1/8/2018,16476.2
1/9/2018,15123.7
1/10/2018,14588.5
1/11/2018,14968.2
1/12/2018,13453.9
1/13/2018,13952.4
1/14/2018,14370.8
1/15/2018,13767.3
1/16/2018,13836.1
1/17/2018,11431.1
1/18/2018,11198.8
1/19/2018,11429.8
1/20/2018,11656.2
1/21/2018,12889.2
1/22/2018,11633.1
1/23/2018,10944.5
1/24/2018,10903.4
1/25/2018,11421.7
1/26/2018,11256
1/27/2018,11174.9
1/28/2018,11475.3
1/29/2018,11755.5
1/30/2018,11306.8
1/31/2018,10108.2
2/1/2018,10237.3
2/2/2018,9142.28
2/3/2018,8852.12
2/4/2018,9175.7
2/5/2018,8270.54
2/6/2018,7051.75
2/7/2018,7755.49
2/8/2018,7637.86
2/9/2018,8271.84
2/10/2018,8720.08
2/11/2018,8616.13
2/12/2018,8141.43
2/13/2018,8926.72
2/14/2018,8599.92
2/15/2018,9488.32
2/16/2018,10135.7
2/17/2018,10207.5
2/18/2018,11123.4
2/19/2018,10552.6
2/20/2018,11231.8
2/21/2018,11372.2
2/22/2018,10660.4
2/23/2018,9937.07
2/24/2018,10287.7
2/25/2018,9796.42
2/26/2018,9669.43
2/27/2018,10393.9
2/28/2018,10687.2
3/1/2018,10385
3/2/2018,10977.4
3/3/2018,11101.9
3/4/2018,11497.4
3/5/2018,11532.4
3/6/2018,11500.1
3/7/2018,10803.9
3/8/2018,9951.44
3/9/2018,9414.69
3/10/2018,9350.59
3/11/2018,8852.78
3/12/2018,9602.93
3/13/2018,9173.04
3/14/2018,9214.65
3/15/2018,8290.76
3/16/2018,8322.91
3/17/2018,8321.91
3/18/2018,7890.52
3/19/2018,8344.12
3/20/2018,8619.67
3/21/2018,8937.48
3/22/2018,8939.44
3/23/2018,8736.25
3/24/2018,8901.95
3/25/2018,8612.81
3/26/2018,8498.47
3/27/2018,8200
3/28/2018,7836.83
3/29/2018,7979.07
3/30/2018,7171.45
3/31/2018,6892.48
4/1/2018,7003.06
4/2/2018,6844.86
4/3/2018,7102.26
4/4/2018,7456.41
4/5/2018,6848.65
4/6/2018,6815.96
4/7/2018,6630.51
4/8/2018,6919.98
4/9/2018,7044.32
4/10/2018,6795.44
4/11/2018,6843.47
4/12/2018,6955.38
4/13/2018,7901.09
4/14/2018,7874.67
4/15/2018,7999.33
4/16/2018,8337.57
4/17/2018,8071.66
4/18/2018,7944.43
4/19/2018,8159.27
4/20/2018,8286.88
4/21/2018,8848.79
4/22/2018,8925.06
4/23/2018,8794.39
4/24/2018,8934.34
4/25/2018,9701.03
4/26/2018,8867.32
4/27/2018,9290.63
4/28/2018,8939.27
4/29/2018,9346.41
4/30/2018,9426.11
5/1/2018,9251.47
5/2/2018,9104.6
5/3/2018,9233.97
5/4/2018,9695.5
5/5/2018,9700.28
5/6/2018,9845.31
5/7/2018,9645.67
5/8/2018,9380.87
5/9/2018,9223.73
5/10/2018,9325.96
5/11/2018,9052.96
5/12/2018,8441.44
5/13/2018,8515.49
5/14/2018,8713.1
5/15/2018,8705.19
5/16/2018,8504.41
5/17/2018,8370.05
5/18/2018,8091.83
5/19/2018,8255.73
5/20/2018,8246.99
5/21/2018,8522.33
5/22/2018,8419.87
5/23/2018,8037.08
5/24/2018,7561.12
5/25/2018,7592.3
5/26/2018,7486.48
5/27/2018,7362.08
5/28/2018,7371.31
5/29/2018,7129.46
5/30/2018,7469.73
5/31/2018,7406.15
6/1/2018,7500.7
6/2/2018,7536.72
6/3/2018,7632.09
6/4/2018,7722.53
6/5/2018,7500.9
6/6/2018,7625.97
6/7/2018,7650.82
6/8/2018,7685.14
6/9/2018,7632.52
6/10/2018,7499.55
6/11/2018,6799.29
6/12/2018,6905.82
6/13/2018,6596.88
6/14/2018,6342.75
6/15/2018,6674.08
6/16/2018,6455.45
6/17/2018,6545.53
6/18/2018,6510.07
6/19/2018,6742.39
6/20/2018,6770.76
6/21/2018,6780.09
6/22/2018,6737.88
6/23/2018,6090.1
6/24/2018,6164.28
6/25/2018,6171.97
6/26/2018,6253.55
6/27/2018,6084.4
6/28/2018,6153.16
6/29/2018,5898.13
6/30/2018,6214.22
7/1/2018,6411.68
7/2/2018,6380.38
7/3/2018,6596.66
7/4/2018,6550.87
7/5/2018,6599.71
7/6/2018,6638.69
7/7/2018,6668.71
7/8/2018,6857.8
7/9/2018,6775.08
7/10/2018,6739.21
7/11/2018,6330.77
7/12/2018,6396.78
7/13/2018,6235.03
7/14/2018,6247.5
7/15/2018,6272.7
7/16/2018,6357.01
7/17/2018,6739.65
7/18/2018,7315.32
7/19/2018,7378.2
7/20/2018,7467.4
7/21/2018,7352.72
7/22/2018,7417.8
7/23/2018,7414.71
7/24/2018,7716.51
7/25/2018,8379.66
7/26/2018,8176.85
7/27/2018,7950.4